framework,framework_version,simulator,architecture,observable,n,k,depth,n_params,n_param_sets,n_grad_components,var_pooled,threshold,configuration_seed,tau_BP,censored
PennyLane,0.44.1,lightning.qubit,brickwall,Z_0...Z_1,8,2,1,8,50,400,0.06170274548840429,0.01,3373383951,19,False
PennyLane,0.44.1,lightning.qubit,brickwall,Z_0...Z_1,8,2,2,16,50,800,0.06053968855827371,0.01,3373383951,19,False
PennyLane,0.44.1,lightning.qubit,brickwall,Z_0...Z_1,8,2,3,24,50,1200,0.04208814329175076,0.01,3373383951,19,False
PennyLane,0.44.1,lightning.qubit,brickwall,Z_0...Z_1,8,2,4,32,50,1600,0.044595833878945265,0.01,3373383951,19,False
PennyLane,0.44.1,lightning.qubit,brickwall,Z_0...Z_1,8,2,5,40,50,2000,0.03596480250801814,0.01,3373383951,19,False
PennyLane,0.44.1,lightning.qubit,brickwall,Z_0...Z_1,8,2,6,48,50,2400,0.03514207409998461,0.01,3373383951,19,False
PennyLane,0.44.1,lightning.qubit,brickwall,Z_0...Z_1,8,2,7,56,50,2800,0.030364081959433707,0.01,3373383951,19,False
PennyLane,0.44.1,lightning.qubit,brickwall,Z_0...Z_1,8,2,8,64,50,3200,0.027076199513815066,0.01,3373383951,19,False
PennyLane,0.44.1,lightning.qubit,brickwall,Z_0...Z_1,8,2,9,72,50,3600,0.024673432458893158,0.01,3373383951,19,False
PennyLane,0.44.1,lightning.qubit,brickwall,Z_0...Z_1,8,2,10,80,50,4000,0.028132813386337416,0.01,3373383951,19,False
PennyLane,0.44.1,lightning.qubit,brickwall,Z_0...Z_1,8,2,11,88,50,4400,0.019063381781850935,0.01,3373383951,19,False
PennyLane,0.44.1,lightning.qubit,brickwall,Z_0...Z_1,8,2,12,96,50,4800,0.02024359913016178,0.01,3373383951,19,False
PennyLane,0.44.1,lightning.qubit,brickwall,Z_0...Z_1,8,2,13,104,50,5200,0.01769881681222361,0.01,3373383951,19,False
PennyLane,0.44.1,lightning.qubit,brickwall,Z_0...Z_1,8,2,14,112,50,5600,0.018398975457997964,0.01,3373383951,19,False
PennyLane,0.44.1,lightning.qubit,brickwall,Z_0...Z_1,8,2,15,120,50,6000,0.01348746422407339,0.01,3373383951,19,False
PennyLane,0.44.1,lightning.qubit,brickwall,Z_0...Z_1,8,2,16,128,50,6400,0.015218239825151554,0.01,3373383951,19,False
PennyLane,0.44.1,lightning.qubit,brickwall,Z_0...Z_1,8,2,17,136,50,6800,0.01200109038424487,0.01,3373383951,19,False
PennyLane,0.44.1,lightning.qubit,brickwall,Z_0...Z_1,8,2,18,144,50,7200,0.012334236049245776,0.01,3373383951,19,False
PennyLane,0.44.1,lightning.qubit,brickwall,Z_0...Z_1,8,2,19,152,50,7600,0.009734669361513716,0.01,3373383951,19,False
PennyLane,0.44.1,lightning.qubit,brickwall,Z_0...Z_1,8,2,20,160,50,8000,0.010903706406881689,0.01,3373383951,19,False
PennyLane,0.44.1,lightning.qubit,brickwall,Z_0...Z_1,8,2,21,168,50,8400,0.008422623313841918,0.01,3373383951,19,False
PennyLane,0.44.1,lightning.qubit,brickwall,Z_0...Z_1,8,2,22,176,50,8800,0.008315233926702466,0.01,3373383951,19,False
PennyLane,0.44.1,lightning.qubit,brickwall,Z_0...Z_1,8,2,23,184,50,9200,0.008010685762906542,0.01,3373383951,19,False
PennyLane,0.44.1,lightning.qubit,brickwall,Z_0...Z_1,8,2,24,192,50,9600,0.007717296249092326,0.01,3373383951,19,False
PennyLane,0.44.1,lightning.qubit,brickwall,Z_0...Z_1,8,2,25,200,50,10000,0.006422345565050842,0.01,3373383951,19,False
PennyLane,0.44.1,lightning.qubit,brickwall,Z_0...Z_1,8,2,26,208,50,10400,0.007822155436566069,0.01,3373383951,19,False
PennyLane,0.44.1,lightning.qubit,brickwall,Z_0...Z_1,8,2,27,216,50,10800,0.00594305981807269,0.01,3373383951,19,False
PennyLane,0.44.1,lightning.qubit,brickwall,Z_0...Z_1,8,2,28,224,50,11200,0.005879302392762024,0.01,3373383951,19,False
PennyLane,0.44.1,lightning.qubit,brickwall,Z_0...Z_1,8,2,29,232,50,11600,0.005875811146781878,0.01,3373383951,19,False
PennyLane,0.44.1,lightning.qubit,brickwall,Z_0...Z_1,8,2,30,240,50,12000,0.00549763807477956,0.01,3373383951,19,False
PennyLane,0.44.1,lightning.qubit,brickwall,Z_0...Z_5,8,6,1,8,50,400,0.044623829808865596,0.01,2715193214,6,False
PennyLane,0.44.1,lightning.qubit,brickwall,Z_0...Z_5,8,6,2,16,50,800,0.017236443243135672,0.01,2715193214,6,False
PennyLane,0.44.1,lightning.qubit,brickwall,Z_0...Z_5,8,6,3,24,50,1200,0.013070903415189997,0.01,2715193214,6,False
PennyLane,0.44.1,lightning.qubit,brickwall,Z_0...Z_5,8,6,4,32,50,1600,0.01212941990248732,0.01,2715193214,6,False
PennyLane,0.44.1,lightning.qubit,brickwall,Z_0...Z_5,8,6,5,40,50,2000,0.012125089718874122,0.01,2715193214,6,False
PennyLane,0.44.1,lightning.qubit,brickwall,Z_0...Z_5,8,6,6,48,50,2400,0.008859701661894741,0.01,2715193214,6,False
PennyLane,0.44.1,lightning.qubit,brickwall,Z_0...Z_5,8,6,7,56,50,2800,0.009137354943627787,0.01,2715193214,6,False
PennyLane,0.44.1,lightning.qubit,brickwall,Z_0...Z_5,8,6,8,64,50,3200,0.008016521322424894,0.01,2715193214,6,False
PennyLane,0.44.1,lightning.qubit,brickwall,Z_0...Z_5,8,6,9,72,50,3600,0.006404509767207,0.01,2715193214,6,False
PennyLane,0.44.1,lightning.qubit,brickwall,Z_0...Z_5,8,6,10,80,50,4000,0.006143768589119183,0.01,2715193214,6,False
PennyLane,0.44.1,lightning.qubit,brickwall,Z_0...Z_5,8,6,11,88,50,4400,0.00701345649598991,0.01,2715193214,6,False
PennyLane,0.44.1,lightning.qubit,brickwall,Z_0...Z_5,8,6,12,96,50,4800,0.00613675030557018,0.01,2715193214,6,False
PennyLane,0.44.1,lightning.qubit,brickwall,Z_0...Z_5,8,6,13,104,50,5200,0.00595765622896142,0.01,2715193214,6,False
PennyLane,0.44.1,lightning.qubit,brickwall,Z_0...Z_5,8,6,14,112,50,5600,0.005954291522390654,0.01,2715193214,6,False
PennyLane,0.44.1,lightning.qubit,brickwall,Z_0...Z_5,8,6,15,120,50,6000,0.005121160294092545,0.01,2715193214,6,False
PennyLane,0.44.1,lightning.qubit,brickwall,Z_0...Z_5,8,6,16,128,50,6400,0.0062528327433577675,0.01,2715193214,6,False
PennyLane,0.44.1,lightning.qubit,brickwall,Z_0...Z_5,8,6,17,136,50,6800,0.004781611742240933,0.01,2715193214,6,False
PennyLane,0.44.1,lightning.qubit,brickwall,Z_0...Z_5,8,6,18,144,50,7200,0.005398929799491334,0.01,2715193214,6,False
PennyLane,0.44.1,lightning.qubit,brickwall,Z_0...Z_5,8,6,19,152,50,7600,0.004700840245046046,0.01,2715193214,6,False
PennyLane,0.44.1,lightning.qubit,brickwall,Z_0...Z_5,8,6,20,160,50,8000,0.0048877692038774585,0.01,2715193214,6,False
PennyLane,0.44.1,lightning.qubit,brickwall,Z_0...Z_5,8,6,21,168,50,8400,0.004726529444037964,0.01,2715193214,6,False
PennyLane,0.44.1,lightning.qubit,brickwall,Z_0...Z_5,8,6,22,176,50,8800,0.004651460738305498,0.01,2715193214,6,False
PennyLane,0.44.1,lightning.qubit,brickwall,Z_0...Z_5,8,6,23,184,50,9200,0.004588017250374839,0.01,2715193214,6,False
PennyLane,0.44.1,lightning.qubit,brickwall,Z_0...Z_5,8,6,24,192,50,9600,0.004735147616228357,0.01,2715193214,6,False
PennyLane,0.44.1,lightning.qubit,brickwall,Z_0...Z_5,8,6,25,200,50,10000,0.004333118446637524,0.01,2715193214,6,False
PennyLane,0.44.1,lightning.qubit,brickwall,Z_0...Z_5,8,6,26,208,50,10400,0.004543938053762065,0.01,2715193214,6,False
PennyLane,0.44.1,lightning.qubit,brickwall,Z_0...Z_5,8,6,27,216,50,10800,0.0041881360256993535,0.01,2715193214,6,False
PennyLane,0.44.1,lightning.qubit,brickwall,Z_0...Z_5,8,6,28,224,50,11200,0.004242496814067388,0.01,2715193214,6,False
PennyLane,0.44.1,lightning.qubit,brickwall,Z_0...Z_5,8,6,29,232,50,11600,0.00413054625720597,0.01,2715193214,6,False
PennyLane,0.44.1,lightning.qubit,brickwall,Z_0...Z_5,8,6,30,240,50,12000,0.004301734635108687,0.01,2715193214,6,False
PennyLane,0.44.1,lightning.qubit,brickwall,Z_0...Z_3,10,4,1,10,50,500,0.0435571935043381,0.01,3562792977,11,False
PennyLane,0.44.1,lightning.qubit,brickwall,Z_0...Z_3,10,4,2,20,50,1000,0.031647992008188776,0.01,3562792977,11,False
PennyLane,0.44.1,lightning.qubit,brickwall,Z_0...Z_3,10,4,3,30,50,1500,0.0261647826656151,0.01,3562792977,11,False
PennyLane,0.44.1,lightning.qubit,brickwall,Z_0...Z_3,10,4,4,40,50,2000,0.023087853712753213,0.01,3562792977,11,False
PennyLane,0.44.1,lightning.qubit,brickwall,Z_0...Z_3,10,4,5,50,50,2500,0.0172615656697262,0.01,3562792977,11,False
PennyLane,0.44.1,lightning.qubit,brickwall,Z_0...Z_3,10,4,6,60,50,3000,0.01945930584058111,0.01,3562792977,11,False
PennyLane,0.44.1,lightning.qubit,brickwall,Z_0...Z_3,10,4,7,70,50,3500,0.014358100548110608,0.01,3562792977,11,False
PennyLane,0.44.1,lightning.qubit,brickwall,Z_0...Z_3,10,4,8,80,50,4000,0.01499424359375658,0.01,3562792977,11,False
PennyLane,0.44.1,lightning.qubit,brickwall,Z_0...Z_3,10,4,9,90,50,4500,0.011200742596254478,0.01,3562792977,11,False
PennyLane,0.44.1,lightning.qubit,brickwall,Z_0...Z_3,10,4,10,100,50,5000,0.012172639959441766,0.01,3562792977,11,False
PennyLane,0.44.1,lightning.qubit,brickwall,Z_0...Z_3,10,4,11,110,50,5500,0.00838401088996327,0.01,3562792977,11,False
PennyLane,0.44.1,lightning.qubit,brickwall,Z_0...Z_3,10,4,12,120,50,6000,0.010099488209034859,0.01,3562792977,11,False
PennyLane,0.44.1,lightning.qubit,brickwall,Z_0...Z_3,10,4,13,130,50,6500,0.0064426789281476285,0.01,3562792977,11,False
PennyLane,0.44.1,lightning.qubit,brickwall,Z_0...Z_3,10,4,14,140,50,7000,0.007650340029192419,0.01,3562792977,11,False
PennyLane,0.44.1,lightning.qubit,brickwall,Z_0...Z_3,10,4,15,150,50,7500,0.00553656360065808,0.01,3562792977,11,False
PennyLane,0.44.1,lightning.qubit,brickwall,Z_0...Z_3,10,4,16,160,50,8000,0.0061832106664349,0.01,3562792977,11,False
PennyLane,0.44.1,lightning.qubit,brickwall,Z_0...Z_3,10,4,17,170,50,8500,0.004995744738357872,0.01,3562792977,11,False
PennyLane,0.44.1,lightning.qubit,brickwall,Z_0...Z_3,10,4,18,180,50,9000,0.005779365423326606,0.01,3562792977,11,False
PennyLane,0.44.1,lightning.qubit,brickwall,Z_0...Z_3,10,4,19,190,50,9500,0.0038724157809802663,0.01,3562792977,11,False
PennyLane,0.44.1,lightning.qubit,brickwall,Z_0...Z_3,10,4,20,200,50,10000,0.0042190907574984355,0.01,3562792977,11,False
PennyLane,0.44.1,lightning.qubit,brickwall,Z_0...Z_3,10,4,21,210,50,10500,0.0038389426996845435,0.01,3562792977,11,False
PennyLane,0.44.1,lightning.qubit,brickwall,Z_0...Z_3,10,4,22,220,50,11000,0.003965493975633248,0.01,3562792977,11,False
PennyLane,0.44.1,lightning.qubit,brickwall,Z_0...Z_3,10,4,23,230,50,11500,0.002917879590703646,0.01,3562792977,11,False
PennyLane,0.44.1,lightning.qubit,brickwall,Z_0...Z_3,10,4,24,240,50,12000,0.0030090160648140185,0.01,3562792977,11,False
PennyLane,0.44.1,lightning.qubit,brickwall,Z_0...Z_3,10,4,25,250,50,12500,0.00227377014451784,0.01,3562792977,11,False
PennyLane,0.44.1,lightning.qubit,brickwall,Z_0...Z_3,10,4,26,260,50,13000,0.002508273692083273,0.01,3562792977,11,False
PennyLane,0.44.1,lightning.qubit,brickwall,Z_0...Z_3,10,4,27,270,50,13500,0.002060804155661739,0.01,3562792977,11,False
PennyLane,0.44.1,lightning.qubit,brickwall,Z_0...Z_3,10,4,28,280,50,14000,0.0022426535850276867,0.01,3562792977,11,False
PennyLane,0.44.1,lightning.qubit,brickwall,Z_0...Z_3,10,4,29,290,50,14500,0.0017297052888708454,0.01,3562792977,11,False
PennyLane,0.44.1,lightning.qubit,brickwall,Z_0...Z_3,10,4,30,300,50,15000,0.0019429547096247723,0.01,3562792977,11,False
PennyLane,0.44.1,lightning.qubit,brickwall,Z_0...Z_3,12,4,1,12,50,600,0.03915346123038006,0.01,2501418362,9,False
PennyLane,0.44.1,lightning.qubit,brickwall,Z_0...Z_3,12,4,2,24,50,1200,0.02418232349150645,0.01,2501418362,9,False
PennyLane,0.44.1,lightning.qubit,brickwall,Z_0...Z_3,12,4,3,36,50,1800,0.016954255881635825,0.01,2501418362,9,False
PennyLane,0.44.1,lightning.qubit,brickwall,Z_0...Z_3,12,4,4,48,50,2400,0.01884796813573267,0.01,2501418362,9,False
PennyLane,0.44.1,lightning.qubit,brickwall,Z_0...Z_3,12,4,5,60,50,3000,0.013772050138741025,0.01,2501418362,9,False
PennyLane,0.44.1,lightning.qubit,brickwall,Z_0...Z_3,12,4,6,72,50,3600,0.015541990381190824,0.01,2501418362,9,False
PennyLane,0.44.1,lightning.qubit,brickwall,Z_0...Z_3,12,4,7,84,50,4200,0.011289514373099116,0.01,2501418362,9,False
PennyLane,0.44.1,lightning.qubit,brickwall,Z_0...Z_3,12,4,8,96,50,4800,0.011806372065436433,0.01,2501418362,9,False
PennyLane,0.44.1,lightning.qubit,brickwall,Z_0...Z_3,12,4,9,108,50,5400,0.008748130607396152,0.01,2501418362,9,False
PennyLane,0.44.1,lightning.qubit,brickwall,Z_0...Z_3,12,4,10,120,50,6000,0.00864377499112698,0.01,2501418362,9,False
PennyLane,0.44.1,lightning.qubit,brickwall,Z_0...Z_3,12,4,11,132,50,6600,0.006603264410043305,0.01,2501418362,9,False
PennyLane,0.44.1,lightning.qubit,brickwall,Z_0...Z_3,12,4,12,144,50,7200,0.007028272987750036,0.01,2501418362,9,False
PennyLane,0.44.1,lightning.qubit,brickwall,Z_0...Z_3,12,4,13,156,50,7800,0.0063905018633626885,0.01,2501418362,9,False
PennyLane,0.44.1,lightning.qubit,brickwall,Z_0...Z_3,12,4,14,168,50,8400,0.006620328530881852,0.01,2501418362,9,False
PennyLane,0.44.1,lightning.qubit,brickwall,Z_0...Z_3,12,4,15,180,50,9000,0.004501767601105554,0.01,2501418362,9,False
PennyLane,0.44.1,lightning.qubit,brickwall,Z_0...Z_3,12,4,16,192,50,9600,0.004689342591461177,0.01,2501418362,9,False
PennyLane,0.44.1,lightning.qubit,brickwall,Z_0...Z_3,12,4,17,204,50,10200,0.0036112453259151234,0.01,2501418362,9,False
PennyLane,0.44.1,lightning.qubit,brickwall,Z_0...Z_3,12,4,18,216,50,10800,0.00432645542411234,0.01,2501418362,9,False
PennyLane,0.44.1,lightning.qubit,brickwall,Z_0...Z_3,12,4,19,228,50,11400,0.0029633629677284475,0.01,2501418362,9,False
PennyLane,0.44.1,lightning.qubit,brickwall,Z_0...Z_3,12,4,20,240,50,12000,0.0034394422756991515,0.01,2501418362,9,False
PennyLane,0.44.1,lightning.qubit,brickwall,Z_0...Z_3,12,4,21,252,50,12600,0.00239714281189537,0.01,2501418362,9,False
PennyLane,0.44.1,lightning.qubit,brickwall,Z_0...Z_3,12,4,22,264,50,13200,0.0029097934738951934,0.01,2501418362,9,False
PennyLane,0.44.1,lightning.qubit,brickwall,Z_0...Z_3,12,4,23,276,50,13800,0.0020394095768835013,0.01,2501418362,9,False
PennyLane,0.44.1,lightning.qubit,brickwall,Z_0...Z_3,12,4,24,288,50,14400,0.0023321492019499923,0.01,2501418362,9,False
PennyLane,0.44.1,lightning.qubit,brickwall,Z_0...Z_3,12,4,25,300,50,15000,0.0017276002063020108,0.01,2501418362,9,False
PennyLane,0.44.1,lightning.qubit,brickwall,Z_0...Z_3,12,4,26,312,50,15600,0.002088708903527969,0.01,2501418362,9,False
PennyLane,0.44.1,lightning.qubit,brickwall,Z_0...Z_3,12,4,27,324,50,16200,0.0013422895007351309,0.01,2501418362,9,False
PennyLane,0.44.1,lightning.qubit,brickwall,Z_0...Z_3,12,4,28,336,50,16800,0.0015606794387237701,0.01,2501418362,9,False
PennyLane,0.44.1,lightning.qubit,brickwall,Z_0...Z_3,12,4,29,348,50,17400,0.0010453669538108953,0.01,2501418362,9,False
PennyLane,0.44.1,lightning.qubit,brickwall,Z_0...Z_3,12,4,30,360,50,18000,0.0012744732484457017,0.01,2501418362,9,False
PennyLane,0.44.1,lightning.qubit,brickwall,Z_0...Z_1,14,2,1,14,50,700,0.04281866600712607,0.01,3383362091,13,False
PennyLane,0.44.1,lightning.qubit,brickwall,Z_0...Z_1,14,2,2,28,50,1400,0.03820397654741077,0.01,3383362091,13,False
PennyLane,0.44.1,lightning.qubit,brickwall,Z_0...Z_1,14,2,3,42,50,2100,0.021060818431325293,0.01,3383362091,13,False
PennyLane,0.44.1,lightning.qubit,brickwall,Z_0...Z_1,14,2,4,56,50,2800,0.029156260796529557,0.01,3383362091,13,False
PennyLane,0.44.1,lightning.qubit,brickwall,Z_0...Z_1,14,2,5,70,50,3500,0.020323428692655073,0.01,3383362091,13,False
PennyLane,0.44.1,lightning.qubit,brickwall,Z_0...Z_1,14,2,6,84,50,4200,0.021772071715984078,0.01,3383362091,13,False
PennyLane,0.44.1,lightning.qubit,brickwall,Z_0...Z_1,14,2,7,98,50,4900,0.01670909064432327,0.01,3383362091,13,False
PennyLane,0.44.1,lightning.qubit,brickwall,Z_0...Z_1,14,2,8,112,50,5600,0.019187016930698634,0.01,3383362091,13,False
PennyLane,0.44.1,lightning.qubit,brickwall,Z_0...Z_1,14,2,9,126,50,6300,0.014103198743622033,0.01,3383362091,13,False
PennyLane,0.44.1,lightning.qubit,brickwall,Z_0...Z_1,14,2,10,140,50,7000,0.013742551751783138,0.01,3383362091,13,False
PennyLane,0.44.1,lightning.qubit,brickwall,Z_0...Z_1,14,2,11,154,50,7700,0.011659738703279698,0.01,3383362091,13,False
PennyLane,0.44.1,lightning.qubit,brickwall,Z_0...Z_1,14,2,12,168,50,8400,0.012606708209210353,0.01,3383362091,13,False
PennyLane,0.44.1,lightning.qubit,brickwall,Z_0...Z_1,14,2,13,182,50,9100,0.00901635640622308,0.01,3383362091,13,False
PennyLane,0.44.1,lightning.qubit,brickwall,Z_0...Z_1,14,2,14,196,50,9800,0.010822407907523982,0.01,3383362091,13,False
PennyLane,0.44.1,lightning.qubit,brickwall,Z_0...Z_1,14,2,15,210,50,10500,0.007557319228448904,0.01,3383362091,13,False
PennyLane,0.44.1,lightning.qubit,brickwall,Z_0...Z_1,14,2,16,224,50,11200,0.008890216933170466,0.01,3383362091,13,False
PennyLane,0.44.1,lightning.qubit,brickwall,Z_0...Z_1,14,2,17,238,50,11900,0.006592410101913692,0.01,3383362091,13,False
PennyLane,0.44.1,lightning.qubit,brickwall,Z_0...Z_1,14,2,18,252,50,12600,0.007158549790572862,0.01,3383362091,13,False
PennyLane,0.44.1,lightning.qubit,brickwall,Z_0...Z_1,14,2,19,266,50,13300,0.005586440103578697,0.01,3383362091,13,False
PennyLane,0.44.1,lightning.qubit,brickwall,Z_0...Z_1,14,2,20,280,50,14000,0.005219964882030475,0.01,3383362091,13,False
PennyLane,0.44.1,lightning.qubit,brickwall,Z_0...Z_1,14,2,21,294,50,14700,0.004329731146716435,0.01,3383362091,13,False
PennyLane,0.44.1,lightning.qubit,brickwall,Z_0...Z_1,14,2,22,308,50,15400,0.004463270219940766,0.01,3383362091,13,False
PennyLane,0.44.1,lightning.qubit,brickwall,Z_0...Z_1,14,2,23,322,50,16100,0.003359148450889833,0.01,3383362091,13,False
PennyLane,0.44.1,lightning.qubit,brickwall,Z_0...Z_1,14,2,24,336,50,16800,0.0036443622445412383,0.01,3383362091,13,False
PennyLane,0.44.1,lightning.qubit,brickwall,Z_0...Z_1,14,2,25,350,50,17500,0.0026820587706648967,0.01,3383362091,13,False
PennyLane,0.44.1,lightning.qubit,brickwall,Z_0...Z_1,14,2,26,364,50,18200,0.003191180377727485,0.01,3383362091,13,False
PennyLane,0.44.1,lightning.qubit,brickwall,Z_0...Z_1,14,2,27,378,50,18900,0.002425469956273521,0.01,3383362091,13,False
PennyLane,0.44.1,lightning.qubit,brickwall,Z_0...Z_1,14,2,28,392,50,19600,0.002770542184260965,0.01,3383362091,13,False
PennyLane,0.44.1,lightning.qubit,brickwall,Z_0...Z_1,14,2,29,406,50,20300,0.002014495052882579,0.01,3383362091,13,False
PennyLane,0.44.1,lightning.qubit,brickwall,Z_0...Z_1,14,2,30,420,50,21000,0.002137724946683125,0.01,3383362091,13,False
