C,n,k,nk,architecture,threshold,tau_BP,censored,tau_fixed,delta_tau,abs_delta_tau
1.0,8,2,16,brickwall,0.00390625,31,True,19,12,12
1.0,8,3,24,brickwall,0.00390625,31,True,16,15,15
1.0,8,4,32,brickwall,0.00390625,31,True,13,18,18
1.0,8,5,40,brickwall,0.00390625,31,True,10,21,21
1.0,8,6,48,brickwall,0.00390625,31,True,7,24,24
1.0,8,8,64,brickwall,0.00390625,31,True,2,29,29
1.0,10,2,20,brickwall,0.0009765625,31,True,17,14,14
1.0,10,3,30,brickwall,0.0009765625,31,True,14,17,17
1.0,10,4,40,brickwall,0.0009765625,31,True,11,20,20
1.0,10,5,50,brickwall,0.0009765625,31,True,8,23,23
1.0,10,6,60,brickwall,0.0009765625,31,True,3,28,28
1.0,10,8,80,brickwall,0.0009765625,31,True,2,29,29
1.0,10,10,100,brickwall,0.0009765625,31,True,2,29,29
1.0,12,2,24,brickwall,0.000244140625,31,True,15,16,16
1.0,12,3,36,brickwall,0.000244140625,31,True,12,19,19
1.0,12,4,48,brickwall,0.000244140625,31,True,9,22,22
1.0,12,5,60,brickwall,0.000244140625,31,True,4,27,27
1.0,12,6,72,brickwall,0.000244140625,31,True,4,27,27
1.0,12,8,96,brickwall,0.000244140625,31,True,2,29,29
1.0,12,10,120,brickwall,0.000244140625,31,True,2,29,29
1.0,12,12,144,brickwall,0.000244140625,31,True,2,29,29
1.0,14,2,28,brickwall,6.103515625e-05,31,True,13,18,18
1.0,14,3,42,brickwall,6.103515625e-05,31,True,10,21,21
1.0,14,4,56,brickwall,6.103515625e-05,31,True,7,24,24
1.0,14,5,70,brickwall,6.103515625e-05,31,True,4,27,27
1.0,14,6,84,brickwall,6.103515625e-05,31,True,2,29,29
1.0,14,8,112,brickwall,6.103515625e-05,31,True,2,29,29
1.0,14,10,140,brickwall,6.103515625e-05,31,True,2,29,29
1.0,14,12,168,brickwall,6.103515625e-05,31,True,1,30,30
1.0,14,14,196,brickwall,6.103515625e-05,31,True,1,30,30
1.0,16,2,32,brickwall,1.52587890625e-05,31,True,12,19,19
1.0,16,3,48,brickwall,1.52587890625e-05,31,True,10,21,21
1.0,16,4,64,brickwall,1.52587890625e-05,31,True,7,24,24
1.0,16,5,80,brickwall,1.52587890625e-05,31,True,2,29,29
1.0,16,6,96,brickwall,1.52587890625e-05,31,True,2,29,29
1.0,16,8,128,brickwall,1.52587890625e-05,31,True,2,29,29
1.0,16,10,160,brickwall,1.52587890625e-05,31,True,2,29,29
1.0,16,12,192,brickwall,1.52587890625e-05,31,True,1,30,30
1.0,16,14,224,brickwall,1.52587890625e-05,31,True,1,30,30
1.0,16,16,256,brickwall,1.52587890625e-05,31,True,1,30,30
2.0,8,2,16,brickwall,0.0078125,23,False,19,4,4
2.0,8,3,24,brickwall,0.0078125,21,False,16,5,5
2.0,8,4,32,brickwall,0.0078125,17,False,13,4,4
2.0,8,5,40,brickwall,0.0078125,12,False,10,2,2
2.0,8,6,48,brickwall,0.0078125,9,False,7,2,2
2.0,8,8,64,brickwall,0.0078125,4,False,2,2,2
2.0,10,2,20,brickwall,0.001953125,31,True,17,14,14
2.0,10,3,30,brickwall,0.001953125,31,True,14,17,17
2.0,10,4,40,brickwall,0.001953125,29,False,11,18,18
2.0,10,5,50,brickwall,0.001953125,26,False,8,18,18
2.0,10,6,60,brickwall,0.001953125,19,False,3,16,16
2.0,10,8,80,brickwall,0.001953125,11,False,2,9,9
2.0,10,10,100,brickwall,0.001953125,6,False,2,4,4
2.0,12,2,24,brickwall,0.00048828125,31,True,15,16,16
2.0,12,3,36,brickwall,0.00048828125,31,True,12,19,19
2.0,12,4,48,brickwall,0.00048828125,31,True,9,22,22
2.0,12,5,60,brickwall,0.00048828125,31,True,4,27,27
2.0,12,6,72,brickwall,0.00048828125,31,True,4,27,27
2.0,12,8,96,brickwall,0.00048828125,23,False,2,21,21
2.0,12,10,120,brickwall,0.00048828125,16,False,2,14,14
2.0,12,12,144,brickwall,0.00048828125,13,False,2,11,11
2.0,14,2,28,brickwall,0.0001220703125,31,True,13,18,18
2.0,14,3,42,brickwall,0.0001220703125,31,True,10,21,21
2.0,14,4,56,brickwall,0.0001220703125,31,True,7,24,24
2.0,14,5,70,brickwall,0.0001220703125,31,True,4,27,27
2.0,14,6,84,brickwall,0.0001220703125,31,True,2,29,29
2.0,14,8,112,brickwall,0.0001220703125,31,True,2,29,29
2.0,14,10,140,brickwall,0.0001220703125,23,False,2,21,21
2.0,14,12,168,brickwall,0.0001220703125,17,False,1,16,16
2.0,14,14,196,brickwall,0.0001220703125,14,False,1,13,13
2.0,16,2,32,brickwall,3.0517578125e-05,31,True,12,19,19
2.0,16,3,48,brickwall,3.0517578125e-05,31,True,10,21,21
2.0,16,4,64,brickwall,3.0517578125e-05,31,True,7,24,24
2.0,16,5,80,brickwall,3.0517578125e-05,31,True,2,29,29
2.0,16,6,96,brickwall,3.0517578125e-05,31,True,2,29,29
2.0,16,8,128,brickwall,3.0517578125e-05,31,True,2,29,29
2.0,16,10,160,brickwall,3.0517578125e-05,31,True,2,29,29
2.0,16,12,192,brickwall,3.0517578125e-05,25,False,1,24,24
2.0,16,14,224,brickwall,3.0517578125e-05,16,False,1,15,15
2.0,16,16,256,brickwall,3.0517578125e-05,16,False,1,15,15
5.0,8,2,16,brickwall,0.01953125,11,False,19,-8,8
5.0,8,3,24,brickwall,0.01953125,8,False,16,-8,8
5.0,8,4,32,brickwall,0.01953125,7,False,13,-6,6
5.0,8,5,40,brickwall,0.01953125,4,False,10,-6,6
5.0,8,6,48,brickwall,0.01953125,3,False,7,-4,4
5.0,8,8,64,brickwall,0.01953125,2,False,2,0,0
5.0,10,2,20,brickwall,0.0048828125,25,False,17,8,8
5.0,10,3,30,brickwall,0.0048828125,22,False,14,8,8
5.0,10,4,40,brickwall,0.0048828125,17,False,11,6,6
5.0,10,5,50,brickwall,0.0048828125,14,False,8,6,6
5.0,10,6,60,brickwall,0.0048828125,9,False,3,6,6
5.0,10,8,80,brickwall,0.0048828125,4,False,2,2,2
5.0,10,10,100,brickwall,0.0048828125,2,False,2,0,0
5.0,12,2,24,brickwall,0.001220703125,31,True,15,16,16
5.0,12,3,36,brickwall,0.001220703125,31,True,12,19,19
5.0,12,4,48,brickwall,0.001220703125,29,False,9,20,20
5.0,12,5,60,brickwall,0.001220703125,26,False,4,22,22
5.0,12,6,72,brickwall,0.001220703125,19,False,4,15,15
5.0,12,8,96,brickwall,0.001220703125,11,False,2,9,9
5.0,12,10,120,brickwall,0.001220703125,4,False,2,2,2
5.0,12,12,144,brickwall,0.001220703125,2,False,2,0,0
5.0,14,2,28,brickwall,0.00030517578125,31,True,13,18,18
5.0,14,3,42,brickwall,0.00030517578125,31,True,10,21,21
5.0,14,4,56,brickwall,0.00030517578125,31,True,7,24,24
5.0,14,5,70,brickwall,0.00030517578125,31,True,4,27,27
5.0,14,6,84,brickwall,0.00030517578125,31,True,2,29,29
5.0,14,8,112,brickwall,0.00030517578125,23,False,2,21,21
5.0,14,10,140,brickwall,0.00030517578125,14,False,2,12,12
5.0,14,12,168,brickwall,0.00030517578125,8,False,1,7,7
5.0,14,14,196,brickwall,0.00030517578125,4,False,1,3,3
5.0,16,2,32,brickwall,7.62939453125e-05,31,True,12,19,19
5.0,16,3,48,brickwall,7.62939453125e-05,31,True,10,21,21
5.0,16,4,64,brickwall,7.62939453125e-05,31,True,7,24,24
5.0,16,5,80,brickwall,7.62939453125e-05,31,True,2,29,29
5.0,16,6,96,brickwall,7.62939453125e-05,31,True,2,29,29
5.0,16,8,128,brickwall,7.62939453125e-05,31,True,2,29,29
5.0,16,10,160,brickwall,7.62939453125e-05,23,False,2,21,21
5.0,16,12,192,brickwall,7.62939453125e-05,15,False,1,14,14
5.0,16,14,224,brickwall,7.62939453125e-05,9,False,1,8,8
5.0,16,16,256,brickwall,7.62939453125e-05,2,False,1,1,1
10.0,8,2,16,brickwall,0.0390625,5,False,19,-14,14
10.0,8,3,24,brickwall,0.0390625,4,False,16,-12,12
10.0,8,4,32,brickwall,0.0390625,3,False,13,-10,10
10.0,8,5,40,brickwall,0.0390625,2,False,10,-8,8
10.0,8,6,48,brickwall,0.0390625,2,False,7,-5,5
10.0,8,8,64,brickwall,0.0390625,1,False,2,-1,1
10.0,10,2,20,brickwall,0.009765625,17,False,17,0,0
10.0,10,3,30,brickwall,0.009765625,14,False,14,0,0
10.0,10,4,40,brickwall,0.009765625,12,False,11,1,1
10.0,10,5,50,brickwall,0.009765625,8,False,8,0,0
10.0,10,6,60,brickwall,0.009765625,5,False,3,2,2
10.0,10,8,80,brickwall,0.009765625,2,False,2,0,0
10.0,10,10,100,brickwall,0.009765625,2,False,2,0,0
10.0,12,2,24,brickwall,0.00244140625,30,False,15,15,15
10.0,12,3,36,brickwall,0.00244140625,26,False,12,14,14
10.0,12,4,48,brickwall,0.00244140625,23,False,9,14,14
10.0,12,5,60,brickwall,0.00244140625,18,False,4,14,14
10.0,12,6,72,brickwall,0.00244140625,13,False,4,9,9
10.0,12,8,96,brickwall,0.00244140625,7,False,2,5,5
10.0,12,10,120,brickwall,0.00244140625,3,False,2,1,1
10.0,12,12,144,brickwall,0.00244140625,2,False,2,0,0
10.0,14,2,28,brickwall,0.0006103515625,31,True,13,18,18
10.0,14,3,42,brickwall,0.0006103515625,31,True,10,21,21
10.0,14,4,56,brickwall,0.0006103515625,31,True,7,24,24
10.0,14,5,70,brickwall,0.0006103515625,30,False,4,26,26
10.0,14,6,84,brickwall,0.0006103515625,25,False,2,23,23
10.0,14,8,112,brickwall,0.0006103515625,15,False,2,13,13
10.0,14,10,140,brickwall,0.0006103515625,5,False,2,3,3
10.0,14,12,168,brickwall,0.0006103515625,4,False,1,3,3
10.0,14,14,196,brickwall,0.0006103515625,3,False,1,2,2
10.0,16,2,32,brickwall,0.000152587890625,31,True,12,19,19
10.0,16,3,48,brickwall,0.000152587890625,31,True,10,21,21
10.0,16,4,64,brickwall,0.000152587890625,31,True,7,24,24
10.0,16,5,80,brickwall,0.000152587890625,31,True,2,29,29
10.0,16,6,96,brickwall,0.000152587890625,31,True,2,29,29
10.0,16,8,128,brickwall,0.000152587890625,25,False,2,23,23
10.0,16,10,160,brickwall,0.000152587890625,17,False,2,15,15
10.0,16,12,192,brickwall,0.000152587890625,10,False,1,9,9
10.0,16,14,224,brickwall,0.000152587890625,6,False,1,5,5
10.0,16,16,256,brickwall,0.000152587890625,2,False,1,1,1
