architecture,n,depth,state_frame_potential,haar_target,ratio_to_haar,log10_ratio
all_to_all,8,1,0.000598455799924817,3.0398832684824903e-05,19.686801994326782,1.2941751732727922
all_to_all,8,2,0.0003409135773110733,3.0398832684824903e-05,11.214693039225066,1.0497873908752815
all_to_all,8,3,0.0001549787663308941,3.0398832684824903e-05,5.098181497221092,0.7074152924589677
all_to_all,8,4,8.056341188892228e-05,3.0398832684824903e-05,2.6502139974979873,0.42328094343876055
all_to_all,8,5,5.3650935197137636e-05,3.0398832684824903e-05,1.7649011642450396,0.24672038959644516
all_to_all,8,6,5.384558795740464e-05,3.0398832684824903e-05,1.7713044614467832,0.24829321650446398
all_to_all,8,7,4.5511008642161136e-05,3.0398832684824903e-05,1.4971301402925328,0.17525955368596505
all_to_all,8,8,5.252508363630371e-05,3.0398832684824903e-05,1.7278651512998469,0.23750984558987598
all_to_all,8,9,5.1900852545413065e-05,3.0398832684824903e-05,1.7073304453339082,0.232317584791541
all_to_all,8,10,4.5079884803137035e-05,3.0398832684824903e-05,1.482947890483996,0.1711258905611768
all_to_all,8,11,5.847307318491473e-05,3.0398832684824903e-05,1.923530215490955,0.2840990127472915
all_to_all,8,12,4.847501887367182e-05,3.0398832684824903e-05,1.594634220868308,0.20266107982180742
all_to_all,8,13,3.456286970096774e-05,3.0398832684824903e-05,1.1369801616830348,0.05575288707405669
all_to_all,8,14,4.8006358054946526e-05,3.0398832684824903e-05,1.579217154575521,0.19844185296552075
all_to_all,8,15,4.165403880792477e-05,3.0398832684824903e-05,1.370251260625493,0.13680021029354894
all_to_all,8,16,6.454459204867647e-05,3.0398832684824903e-05,2.123258900033261,0.32700295318644307
all_to_all,8,17,5.323562640857478e-05,3.0398832684824903e-05,1.751239166336476,0.24334546163296564
all_to_all,8,18,4.877076426578169e-05,3.0398832684824903e-05,1.6043630612871544,0.2053026542670799
all_to_all,8,19,5.23992577825265e-05,3.0398832684824903e-05,1.7237259840139918,0.23646822837441578
all_to_all,8,20,3.906751668680022e-05,3.0398832684824903e-05,1.28516502892898,0.10895889930259917
all_to_all,8,21,4.592688286465045e-05,3.0398832684824903e-05,1.5108107387155414,0.17921006309507406
all_to_all,8,22,4.1125310781731665e-05,3.0398832684824903e-05,1.3528582234758448,0.13125228588931892
all_to_all,8,23,4.523193030700521e-05,3.0398832684824903e-05,1.4879495793792434,0.1725882149676745
all_to_all,8,24,5.875793709306684e-05,3.0398832684824903e-05,1.9329010986135267,0.2862096329083993
all_to_all,8,25,4.304331868246035e-05,3.0398832684824903e-05,1.4159530113782157,0.15104884146268208
all_to_all,8,26,4.471818946505561e-05,3.0398832684824903e-05,1.4710495606424694,0.1676273046452476
all_to_all,8,27,4.6341600881761044e-05,3.0398832684824903e-05,1.5244533026064113,0.18311412549971445
all_to_all,8,28,4.446697989704554e-05,3.0398832684824903e-05,1.4627857706932101,0.16518072706970055
all_to_all,8,29,4.342877224633759e-05,3.0398832684824903e-05,1.4286328918155213,0.15492064478722062
all_to_all,8,30,4.565870201148141e-05,3.0398832684824903e-05,1.5019886613696924,0.17666665415738936
all_to_all,10,1,5.691602252764956e-05,1.9054878048780488e-06,29.86952862251049,1.4752283689630865
all_to_all,10,2,1.196824980139647e-05,1.9054878048780488e-06,6.280937495772867,0.7980244715801588
all_to_all,10,3,8.190321760482588e-06,1.9054878048780488e-06,4.298280859901262,0.6332947899176677
all_to_all,10,4,2.8557702180319865e-06,1.9054878048780488e-06,1.4987082104231866,0.17571708652516066
all_to_all,10,5,4.662421141077288e-06,1.9054878048780488e-06,2.446838614837361,0.38860532570775563
all_to_all,10,6,3.1882162888863535e-06,1.9054878048780488e-06,1.6731759084075584,0.22354160266870315
all_to_all,10,7,3.6130786605635643e-06,1.9054878048780488e-06,1.8961436810637586,0.2778712430911276
all_to_all,10,8,3.469773247652906e-06,1.9054878048780488e-06,1.820937000368245,0.26029492060781045
all_to_all,10,9,3.067428011095129e-06,1.9054878048780488e-06,1.6097862202227238,0.20676820550877778
all_to_all,10,10,2.9624401521780385e-06,1.9054878048780488e-06,1.5546885918630347,0.19164341176842284
all_to_all,10,11,3.17380356968591e-06,1.9054878048780488e-06,1.6656121133711657,0.22157387063855785
all_to_all,10,12,2.597411523015289e-06,1.9054878048780488e-06,1.3631215672784236,0.13453458924910972
all_to_all,10,13,2.5605670279979438e-06,1.9054878048780488e-06,1.3437855762933208,0.1283299752193824
all_to_all,10,14,2.562526110485062e-06,1.9054878048780488e-06,1.3448137027825606,0.12866212563407226
all_to_all,10,15,3.18770922825014e-06,1.9054878048780488e-06,1.6729098029856735,0.22347252606604515
all_to_all,10,16,2.6963497998276027e-06,1.9054878048780488e-06,1.4150443749495258,0.15077005929036885
all_to_all,10,17,2.595592084530515e-06,1.9054878048780488e-06,1.3621667259616141,0.13423026743994168
all_to_all,10,18,2.7517944557504555e-06,1.9054878048780488e-06,1.444141730377839,0.1596098176799316
all_to_all,10,19,3.0440582919666054e-06,1.9054878048780488e-06,1.5975217916240745,0.20344679103546962
all_to_all,10,20,2.5982811574948162e-06,1.9054878048780488e-06,1.3635779514532795,0.1346799702338916
all_to_all,10,21,3.028457945233662e-06,1.9054878048780488e-06,1.589334729658626,0.20121537356627375
all_to_all,10,22,2.9223714412715467e-06,1.9054878048780488e-06,1.5336605323793078,0.18572924147114228
all_to_all,10,23,2.6286374780608978e-06,1.9054878048780488e-06,1.3795089484863592,0.13972452197043628
all_to_all,10,24,2.260750639930638e-06,1.9054878048780488e-06,1.1864419358355986,0.07424648881274153
all_to_all,10,25,3.018317945205422e-06,1.9054878048780488e-06,1.5840132576438055,0.19975881216348268
all_to_all,10,26,2.318978566251691e-06,1.9054878048780488e-06,1.2169999515688874,0.08529056094710248
all_to_all,10,27,2.7246623037951006e-06,1.9054878048780488e-06,1.4299027770316688,0.15530650960906903
all_to_all,10,28,2.6145937921885667e-06,1.9054878048780488e-06,1.37213882214056,0.13739805207021658
all_to_all,10,29,2.4127950095175465e-06,1.9054878048780488e-06,1.2662348209948084,0.10251425228919994
all_to_all,10,30,2.802291559871442e-06,1.9054878048780488e-06,1.4706426106205328,0.16750714513175982
all_to_all,12,1,1.8020991475736626e-06,1.1918019282401757e-07,15.120794025183837,1.1795745974946528
all_to_all,12,2,1.0426396241059184e-06,1.1918019282401757e-07,8.74843041784207,0.941930141934789
all_to_all,12,3,6.723333606045e-07,1.1918019282401757e-07,5.641317946156311,0.7513805773658793
all_to_all,12,4,6.961425413966647e-07,1.1918019282401757e-07,5.8410925918251735,0.7664940906430537
all_to_all,12,5,2.9808541188440327e-07,1.1918019282401757e-07,2.5011321497403394,0.39813663870643584
all_to_all,12,6,3.147190642840186e-07,1.1918019282401757e-07,2.6406994050490864,0.42171896759906446
all_to_all,12,7,2.531479711073632e-07,1.1918019282401757e-07,2.1240775426598235,0.3271703672750449
all_to_all,12,8,1.757457543368956e-07,1.1918019282401757e-07,1.4746221681013991,0.16868075839642066
all_to_all,12,9,1.84141544214465e-07,1.1918019282401757e-07,1.545068352812366,0.1889476970893942
all_to_all,12,10,1.6177600628453367e-07,1.1918019282401757e-07,1.3574068177873602,0.1327100261726672
all_to_all,12,11,1.8067548711615134e-07,1.1918019282401757e-07,1.5159858600240579,0.1806951505426279
all_to_all,12,12,1.6871328350330754e-07,1.1918019282401757e-07,1.4156151245067283,0.15094519401543804
all_to_all,12,13,1.3408506754367467e-07,1.1918019282401757e-07,1.125061676495739,0.05117633136075386
all_to_all,12,14,1.5862346713628284e-07,1.1918019282401757e-07,1.3309549462678545,0.1241633545592526
all_to_all,12,15,1.6820981698810574e-07,1.1918019282401757e-07,1.4113907101701515,0.14964725456395137
all_to_all,12,16,2.0353824748935833e-07,1.1918019282401757e-07,1.7078194175260695,0.23244194708007204
all_to_all,12,17,1.9797680867219615e-07,1.1918019282401757e-07,1.6611552975462147,0.22041023553065034
all_to_all,12,18,1.5462481808452385e-07,1.1918019282401757e-07,1.2974036576098187,0.1130751179487031
all_to_all,12,19,1.4262251342099483e-07,1.1918019282401757e-07,1.1966964479709508,0.07798400196047463
all_to_all,12,20,1.4942960412065386e-07,1.1918019282401757e-07,1.2538124043925891,0.09823256214722484
all_to_all,12,21,1.798285252035816e-07,1.1918019282401757e-07,1.5088792939705833,0.1786544988483163
all_to_all,12,22,2.1220213887373482e-07,1.1918019282401757e-07,1.7805151497537364,0.25054567327927485
all_to_all,12,23,1.8033666318655443e-07,1.1918019282401757e-07,1.5131429049862422,0.17987994581313002
all_to_all,12,24,1.99009800852879e-07,1.1918019282401757e-07,1.6698227795850142,0.22267038136769937
all_to_all,12,25,1.6540341314033378e-07,1.1918019282401757e-07,1.3878431408864205,0.14234038333996224
all_to_all,12,26,1.827264884632576e-07,1.1918019282401757e-07,1.5331951067831633,0.185597424526704
all_to_all,12,27,1.94014565571056e-07,1.1918019282401757e-07,1.6279094786961745,0.21163025190715068
all_to_all,12,28,1.6857157442237062e-07,1.1918019282401757e-07,1.4144260923565106,0.15058025930780689
all_to_all,12,29,1.7258682832951204e-07,1.1918019282401757e-07,1.4481167066439902,0.16080356393918493
all_to_all,12,30,2.189487882895072e-07,1.1918019282401757e-07,1.8371239641540833,0.26413846231105903
all_to_all,14,1,1.6391994962807516e-06,7.450125877326823e-09,220.02306045182047,2.342468201286405
all_to_all,14,2,2.1951742406273321e-07,7.450125877326823e-09,29.464928200850505,1.4693053871582196
all_to_all,14,3,1.0752339010950279e-07,7.450125877326823e-09,14.432425958966913,1.1593393381648078
all_to_all,14,4,3.952691564826147e-08,7.450125877326823e-09,5.305536617650292,0.7247293162860549
all_to_all,14,5,2.746052399260908e-08,7.450125877326823e-09,3.685914096590027,0.5665452093931839
all_to_all,14,6,1.357639271431638e-08,7.450125877326823e-09,1.8223038023604132,0.26062078135819355
all_to_all,14,7,1.427031054919034e-08,7.450125877326823e-09,1.9154455621507787,0.2822698136443487
all_to_all,14,8,1.2721871834049836e-08,7.450125877326823e-09,1.7076049510474267,0.2323874053316397
all_to_all,14,9,8.955260054877867e-09,7.450125877326823e-09,1.2020280197052322,0.07991459134520341
all_to_all,14,10,1.3882092366802914e-08,7.450125877326823e-09,1.8633366194590986,0.2702913190764361
all_to_all,14,11,1.3213853951773066e-08,7.450125877326823e-09,1.7736417034223755,0.2488658917399934
all_to_all,14,12,1.0809062563528945e-08,7.450125877326823e-09,1.450856366927231,0.16162441992323082
all_to_all,14,13,1.1036465535195744e-08,7.450125877326823e-09,1.481379740009941,0.17066640075701386
all_to_all,14,14,1.2166856928220755e-08,7.450125877326823e-09,1.633107564698805,0.21301479050315322
all_to_all,14,15,1.0952827426790871e-08,7.450125877326823e-09,1.4701533379622373,0.16736263431134277
all_to_all,14,16,1.0885173942836283e-08,7.450125877326823e-09,1.4610724868372276,0.16467176271903042
all_to_all,14,17,1.1572633108213582e-08,7.450125877326823e-09,1.5533473257724275,0.19126857408088518
all_to_all,14,18,1.3607872740879091e-08,7.450125877326823e-09,1.8265292378874176,0.2616266285060729
all_to_all,14,19,1.0800009283466002e-08,7.450125877326823e-09,1.449641182081765,0.16126051814787068
all_to_all,14,20,8.680116518433304e-09,7.450125877326823e-09,1.1650966253939072,0.0663619443622392
all_to_all,14,21,1.0782750091100122e-08,7.450125877326823e-09,1.4473245511079977,0.1605659291498394
all_to_all,14,22,1.004344962751702e-08,7.450125877326823e-09,1.3480912662271294,0.12971929507548557
all_to_all,14,23,1.2057284306020113e-08,7.450125877326823e-09,1.618400078677111,0.209085890875597
all_to_all,14,24,1.0907283222485521e-08,7.450125877326823e-09,1.4640401252386837,0.16555297968066673
all_to_all,14,25,1.0868417400244057e-08,7.450125877326823e-09,1.4588233244917668,0.164002698442873
all_to_all,14,26,8.744867790583683e-09,7.450125877326823e-09,1.1737879244694622,0.06958963732676705
all_to_all,14,27,1.0593742220776629e-08,7.450125877326823e-09,1.4219547958265861,0.15288579032122968
all_to_all,14,28,9.28786510948717e-09,7.450125877326823e-09,1.2466722391568161,0.0957522887345452
all_to_all,14,29,1.193769285360957e-08,7.450125877326823e-09,1.6023478059531697,0.2047567900325844
all_to_all,14,30,1.0082259863453694e-08,7.450125877326823e-09,1.3533006058511465,0.13139427624414518
all_to_all,16,1,5.0303622131582125e-08,4.656541819888002e-10,108.02785431183352,2.0335357500631313
all_to_all,16,2,5.6389200700288295e-08,4.656541819888002e-10,121.09673418898781,2.0831324309809838
all_to_all,16,3,1.2991042297745737e-08,4.656541819888002e-10,27.89847659535933,1.4455804891412527
all_to_all,16,4,2.166024396880554e-09,4.656541819888002e-10,4.6515729497574885,0.6675998363063803
all_to_all,16,5,9.82206544018155e-10,4.656541819888002e-10,2.1093046771816146,0.32413931566260873
all_to_all,16,6,2.0868893940564122e-09,4.656541819888002e-10,4.4816292321124385,0.6514359242409449
all_to_all,16,7,6.933648504350924e-10,4.656541819888002e-10,1.4890123985867456,0.17289831401502959
all_to_all,16,8,7.361973093822645e-10,4.656541819888002e-10,1.5809958073134438,0.19893071821617483
all_to_all,16,9,6.154238281379339e-10,4.656541819888002e-10,1.3216327737237756,0.12111079970308203
all_to_all,16,10,7.443933834011683e-10,4.656541819888002e-10,1.5985970108157908,0.20373899655615202
all_to_all,16,11,7.12515876499217e-10,4.656541819888002e-10,1.530139541442697,0.18473103821313186
all_to_all,16,12,6.527386995586335e-10,4.656541819888002e-10,1.4017670726606575,0.1466758542423797
all_to_all,16,13,6.764243774790512e-10,4.656541819888002e-10,1.4526324548188432,0.16215574297233945
all_to_all,16,14,6.967983022485523e-10,4.656541819888002e-10,1.496385792719696,0.17504357618165414
all_to_all,16,15,6.623695324419597e-10,4.656541819888002e-10,1.422449444377353,0.15303683997528986
all_to_all,16,16,7.246148433418617e-10,4.656541819888002e-10,1.5561222713539162,0.19204371841718318
all_to_all,16,17,5.763851754855191e-10,4.656541819888002e-10,1.2377966262941928,0.0926492946568337
all_to_all,16,18,7.65281353956664e-10,4.656541819888002e-10,1.6434542704806425,0.21575762423497188
all_to_all,16,19,7.133745765049053e-10,4.656541819888002e-10,1.531983613801332,0.18525412007875247
all_to_all,16,20,7.695687414956737e-10,4.656541819888002e-10,1.6526615056024196,0.2181839114645264
all_to_all,16,21,6.544568010032237e-10,4.656541819888002e-10,1.4054567237172682,0.14781747752073193
all_to_all,16,22,6.648196204376944e-10,4.656541819888002e-10,1.4277110485688378,0.1546403203882895
all_to_all,16,23,6.106495821820947e-10,4.656541819888002e-10,1.3113800021595896,0.11772855662349614
all_to_all,16,24,5.874711816726374e-10,4.656541819888002e-10,1.2616040065689071,0.10092305954405885
all_to_all,16,25,6.701735417326022e-10,4.656541819888002e-10,1.4392086824396244,0.1581237703515613
all_to_all,16,26,7.045273538353332e-10,4.656541819888002e-10,1.5129840578824185,0.17983435194243869
all_to_all,16,27,7.256763213129092e-10,4.656541819888002e-10,1.5584018127219632,0.19267944470310291
all_to_all,16,28,8.328197117690159e-10,4.656541819888002e-10,1.78849400259235,0.25248748815542993
all_to_all,16,29,5.325304596153611e-10,4.656541819888002e-10,1.143617904044013,0.05828094588729104
all_to_all,16,30,7.118770120393072e-10,4.656541819888002e-10,1.5287675695274419,0.18434146124955605
brickwall_1d,8,1,0.00021149277212145624,3.0398832684824903e-05,6.9572662317074245,0.8424386226977617
brickwall_1d,8,2,0.00016787668201284205,3.0398832684824903e-05,5.522471331494452,0.7421334700199631
brickwall_1d,8,3,0.00014268866432905325,3.0398832684824903e-05,4.6938863017685355,0.6715325656391053
brickwall_1d,8,4,6.307021966518387e-05,3.0398832684824903e-05,2.0747579461058887,0.31696743656501625
brickwall_1d,8,5,0.00013540840891097927,3.0398832684824903e-05,4.454395019535574,0.6487887280095385
brickwall_1d,8,6,0.00010396365488673609,3.0398832684824903e-05,3.4199883911540705,0.5340246318847066
brickwall_1d,8,7,5.2569115580516415e-05,3.0398832684824903e-05,1.729313626136668,0.23787376351608888
brickwall_1d,8,8,6.267602606614494e-05,3.0398832684824903e-05,2.0617905534719037,0.3142445454812514
brickwall_1d,8,9,8.390033851744086e-05,3.0398832684824903e-05,2.7599855358697347,0.4409068060839062
brickwall_1d,8,10,5.432417673769845e-05,3.0398832684824903e-05,1.7870481179633282,0.25213624645338384
brickwall_1d,8,11,4.818749208194908e-05,3.0398832684824903e-05,1.585175739527797,0.20007741701199322
brickwall_1d,8,12,4.9372281583779034e-05,3.0398832684824903e-05,1.6241505749799952,0.21062629020780296
brickwall_1d,8,13,4.961045214573873e-05,3.0398832684824903e-05,1.6319854337862212,0.212716278158959
brickwall_1d,8,14,5.4242453145465385e-05,3.0398832684824903e-05,1.7843597386732293,0.25148241549464445
brickwall_1d,8,15,4.74399832384711e-05,3.0398832684824903e-05,1.5605856886127454,0.1932876198901584
brickwall_1d,8,16,5.524744700488454e-05,3.0398832684824903e-05,1.8174200166726817,0.25945530696873853
brickwall_1d,8,17,4.1470643796123394e-05,3.0398832684824903e-05,1.3642182983172753,0.13488387044430447
brickwall_1d,8,18,5.3030745856388396e-05,3.0398832684824903e-05,1.7444994156917526,0.24167082832016284
brickwall_1d,8,19,4.8622946050349614e-05,3.0398832684824903e-05,1.5995004332723008,0.20398436206172882
brickwall_1d,8,20,4.900798769467539e-05,3.0398832684824903e-05,1.6121667632040415,0.20740996339547915
brickwall_1d,8,21,5.1248146889949526e-05,3.0398832684824903e-05,1.6858590400917797,0.22682125909681577
brickwall_1d,8,22,3.9384476297412766e-05,3.0398832684824903e-05,1.2955917322796904,0.11246816792970692
brickwall_1d,8,23,3.900492264153927e-05,3.0398832684824903e-05,1.2831059352160756,0.10826251388118001
brickwall_1d,8,24,4.48954442289571e-05,3.0398832684824903e-05,1.4768805333557729,0.16934536612930196
brickwall_1d,8,25,4.859179081703447e-05,3.0398832684824903e-05,1.598475550717166,0.2037059979615851
brickwall_1d,8,26,4.808450631790934e-05,3.0398832684824903e-05,1.5817879198339457,0.19914825449659784
brickwall_1d,8,27,5.168748456587771e-05,3.0398832684824903e-05,1.7003114922791132,0.23052849019346036
brickwall_1d,8,28,3.9062334786512436e-05,3.0398832684824903e-05,1.284994565137113,0.1089012908299957
brickwall_1d,8,29,5.9780780464107465e-05,3.0398832684824903e-05,1.9665485541472791,0.29370467362291675
brickwall_1d,8,30,4.021508395616808e-05,3.0398832684824903e-05,1.3229154018221052,0.12153207268594352
brickwall_1d,10,1,2.016603733188924e-05,1.9054878048780488e-06,10.583136391775474,1.0246143931986327
brickwall_1d,10,2,3.077812443786653e-05,1.9054878048780488e-06,16.152359704992353,1.2082359775647205
brickwall_1d,10,3,2.283000332996611e-05,1.9054878048780488e-06,11.981185747566215,1.078499801203691
brickwall_1d,10,4,1.1655654153513568e-05,1.9054878048780488e-06,6.1168872997639205,0.7865304789379645
brickwall_1d,10,5,8.51425366892482e-06,1.9054878048780488e-06,4.468280325451746,0.6501404115290335
brickwall_1d,10,6,6.690407613691882e-06,1.9054878048780488e-06,3.5111259156654997,0.5454464043722596
brickwall_1d,10,7,5.542951743510189e-06,1.9054878048780488e-06,2.9089410749941473,0.4637349240438703
brickwall_1d,10,8,4.334320386990297e-06,1.9054878048780488e-06,2.274651339092508,0.3569148369875888
brickwall_1d,10,9,4.667725966574684e-06,1.9054878048780488e-06,2.449622587258394,0.3890991778759266
brickwall_1d,10,10,7.3024147319199455e-06,1.9054878048780488e-06,3.8323072513115872,0.5834603209179702
brickwall_1d,10,11,3.978310262302952e-06,1.9054878048780488e-06,2.0878172256565892,0.3196924764359835
brickwall_1d,10,12,3.267671199307205e-06,1.9054878048780488e-06,1.7148738453964212,0.23423217670333807
brickwall_1d,10,13,3.379670927973513e-06,1.9054878048780488e-06,1.7736513030004994,0.24886824228944074
brickwall_1d,10,14,3.5855882076364107e-06,1.9054878048780488e-06,1.8817166913675882,0.2745542372434244
brickwall_1d,10,15,3.3350166078094662e-06,1.9054878048780488e-06,1.7502167157784079,0.24309182733742762
brickwall_1d,10,16,3.6502676042305694e-06,1.9054878048780488e-06,1.9156604387002028,0.2823185304899711
brickwall_1d,10,17,3.3506381657142597e-06,1.9054878048780488e-06,1.7584149093668435,0.24512135742034924
brickwall_1d,10,18,3.433167590002539e-06,1.9054878048780488e-06,1.8017263512333324,0.2556888303866646
brickwall_1d,10,19,3.5641813642000716e-06,1.9054878048780488e-06,1.8704823799321975,0.2719536214707329
brickwall_1d,10,20,2.7034516124538973e-06,1.9054878048780488e-06,1.4187714062158052,0.15191242715835698
brickwall_1d,10,21,3.6346330396496976e-06,1.9054878048780488e-06,1.9074554192081612,0.28045439647323717
brickwall_1d,10,22,2.629525934885817e-06,1.9054878048780488e-06,1.379975210628077,0.13987128496345919
brickwall_1d,10,23,3.1892805962476847e-06,1.9054878048780488e-06,1.673734456910785,0.22368655697497453
brickwall_1d,10,24,3.075688449891928e-06,1.9054878048780488e-06,1.614121298503284,0.2079361681129478
brickwall_1d,10,25,2.7823512790785087e-06,1.9054878048780488e-06,1.4601779512604014,0.1644057862919785
brickwall_1d,10,26,4.119697535451485e-06,1.9054878048780488e-06,2.1620172666049395,0.3348591580545267
brickwall_1d,10,27,2.819897965713526e-06,1.9054878048780488e-06,1.4798824524064584,0.17022722059857015
brickwall_1d,10,28,2.193075927245594e-06,1.9054878048780488e-06,1.1509262466184877,0.06104749416594995
brickwall_1d,10,29,3.0308953932753558e-06,1.9054878048780488e-06,1.5906139023909067,0.20156477398324674
brickwall_1d,10,30,3.125297138076086e-06,1.9054878048780488e-06,1.6401559380623298,0.21488514062117203
brickwall_1d,12,1,3.0588237961227132e-06,1.1918019282401757e-07,25.665538237879822,1.4093503763813164
brickwall_1d,12,2,1.2446906787489116e-06,1.1918019282401757e-07,10.443771311788627,1.0188573534692087
brickwall_1d,12,3,4.047463191967018e-06,1.1918019282401757e-07,33.960871316457215,1.5309788241830755
brickwall_1d,12,4,5.191813831181764e-07,1.1918019282401757e-07,4.356272387348826,0.6391150273335225
brickwall_1d,12,5,6.925831764229647e-07,1.1918019282401757e-07,5.811227184752408,0.7642678541267283
brickwall_1d,12,6,8.618109080024339e-07,1.1918019282401757e-07,7.23115886609607,0.859207902940458
brickwall_1d,12,7,4.822767915121572e-07,1.1918019282401757e-07,4.046618654362231,0.6070922792347545
brickwall_1d,12,8,3.001441574823342e-07,1.1918019282401757e-07,2.5184063758440924,0.40112581018278315
brickwall_1d,12,9,5.626571340673518e-07,1.1918019282401757e-07,4.721062457905029,0.6740397460241541
brickwall_1d,12,10,2.9806016821400143e-07,1.1918019282401757e-07,2.5009203387858205,0.3980998584731136
brickwall_1d,12,11,3.479609294351404e-07,1.1918019282401757e-07,2.9196204603305373,0.46532639846985135
brickwall_1d,12,12,2.1851191751519303e-07,1.1918019282401757e-07,1.8334583317703594,0.26327104438233995
brickwall_1d,12,13,2.1674760787777522e-07,1.1918019282401757e-07,1.818654616525302,0.25975022936612896
brickwall_1d,12,14,2.5651907959601846e-07,1.1918019282401757e-07,2.15236335432681,0.33291558923343506
brickwall_1d,12,15,2.59717305567255e-07,1.1918019282401757e-07,2.1791985682617216,0.33829680490034986
brickwall_1d,12,16,2.0664897112928826e-07,1.1918019282401757e-07,1.7339204294997894,0.23902916360035786
brickwall_1d,12,17,2.0654118055737842e-07,1.1918019282401757e-07,1.7330159958908506,0.23880257130887897
brickwall_1d,12,18,2.128403811487199e-07,1.1918019282401757e-07,1.7858704211277936,0.25184994423296936
brickwall_1d,12,19,2.1473879992474675e-07,1.1918019282401757e-07,1.801799400021376,0.2557064379675459
brickwall_1d,12,20,1.994118540629768e-07,1.1918019282401757e-07,1.6731962697646408,0.22354688769054426
brickwall_1d,12,21,2.2170005094196562e-07,1.1918019282401757e-07,1.8602088626365094,0.26956170916308814
brickwall_1d,12,22,1.7358413195267257e-07,1.1918019282401757e-07,1.4564847382734838,0.163305938247355
brickwall_1d,12,23,1.992889050365184e-07,1.1918019282401757e-07,1.6721646467780933,0.22327903725775639
brickwall_1d,12,24,2.5396652911506376e-07,1.1918019282401757e-07,2.1309457813184842,0.3285723998907608
brickwall_1d,12,25,2.2852796893820719e-07,1.1918019282401757e-07,1.9174995737391818,0.2827352760772158
brickwall_1d,12,26,1.6572281941270498e-07,1.1918019282401757e-07,1.3905231690421296,0.14317822952043635
brickwall_1d,12,27,1.8654486341281777e-07,1.1918019282401757e-07,1.56523377746394,0.19457921132672554
brickwall_1d,12,28,1.6183663921910425e-07,1.1918019282401757e-07,1.3579155678836123,0.1328727673360896
brickwall_1d,12,29,1.9966770564904797e-07,1.1918019282401757e-07,1.6753430324104182,0.2241037438087597
brickwall_1d,12,30,2.0955452093573967e-07,1.1918019282401757e-07,1.7582998984165896,0.24509295101050277
brickwall_1d,14,1,4.986726126733087e-08,7.450125877326823e-09,6.693479021487852,0.8256519065729916
brickwall_1d,14,2,1.9056187900135824e-07,7.450125877326823e-09,25.57834352588599,1.407872415793104
brickwall_1d,14,3,4.880325660176018e-08,7.450125877326823e-09,6.550662016367333,0.8162851924386149
brickwall_1d,14,4,5.1627168418396e-08,7.450125877326823e-09,6.9297041779541475,0.8407146954163797
brickwall_1d,14,5,6.539568117566373e-08,7.450125877326823e-09,8.777795469830146,0.9433854571925946
brickwall_1d,14,6,8.192669665637217e-08,7.450125877326823e-09,10.996686231262478,1.0412618334951367
brickwall_1d,14,7,2.5515814377613947e-08,7.450125877326823e-09,3.4248836593844594,0.5346458234355957
brickwall_1d,14,8,2.5691171423876568e-08,7.450125877326823e-09,3.4484211202475423,0.537620296315094
brickwall_1d,14,9,2.2580964220982224e-08,7.450125877326823e-09,3.0309506970484223,0.4815788719750258
brickwall_1d,14,10,3.660090977647839e-08,7.450125877326823e-09,4.9127907875848065,0.6913282699902908
brickwall_1d,14,11,2.0419793099717818e-08,7.450125877326823e-09,2.740865515019276,0.437887726704074
brickwall_1d,14,12,4.4232622073354544e-08,7.450125877326823e-09,5.937164391808321,0.7735790741015359
brickwall_1d,14,13,1.612485837617838e-08,7.450125877326823e-09,2.1643739504122492,0.33533229828757405
brickwall_1d,14,14,1.22553266680169e-08,7.450125877326823e-09,1.644982496915103,0.2161612812929062
brickwall_1d,14,15,2.237808245717168e-08,7.450125877326823e-09,3.0037187056497294,0.4776592591230057
brickwall_1d,14,16,1.5293170472446968e-08,7.450125877326823e-09,2.052739876381029,0.3123339189712561
brickwall_1d,14,17,1.326577259893232e-08,7.450125877326823e-09,1.7806105316024816,0.25056893772669975
brickwall_1d,14,18,1.4615917934635584e-08,7.450125877326823e-09,1.9618350314209612,0.2926624852275422
brickwall_1d,14,19,1.2546088653445726e-08,7.450125877326823e-09,1.6840102919103137,0.22634474138346383
brickwall_1d,14,20,1.0503715977905906e-08,7.450125877326823e-09,1.40987094055312,0.14917935920081535
brickwall_1d,14,21,1.1176130207046206e-08,7.450125877326823e-09,1.5001263590805676,0.17612784221578395
brickwall_1d,14,22,1.262360117292561e-08,7.450125877326823e-09,1.6944144811490192,0.2290196544349372
brickwall_1d,14,23,1.2697605483297664e-08,7.450125877326823e-09,1.7043477777926737,0.2315582186967256
brickwall_1d,14,24,1.1553635905542228e-08,7.450125877326823e-09,1.5507974087664387,0.19055506667140068
brickwall_1d,14,25,1.1029978735494366e-08,7.450125877326823e-09,1.480509043352168,0.1704110645223118
brickwall_1d,14,26,1.239027472985882e-08,7.450125877326823e-09,1.6630960246680515,0.22091732545493978
brickwall_1d,14,27,1.0895559736485875e-08,7.450125877326823e-09,1.4624665295447743,0.16508593547192876
brickwall_1d,14,28,1.1831532581014087e-08,7.450125877326823e-09,1.5880983456965905,0.20087739334979618
brickwall_1d,14,29,1.0225502823966683e-08,7.450125877326823e-09,1.3725275240095263,0.13752106234296826
brickwall_1d,14,30,1.195941412226795e-08,7.450125877326823e-09,1.605263363222408,0.20554629394414406
brickwall_1d,16,1,3.4845304806816413e-09,4.656541819888002e-10,7.483086409316195,0.8740807601732606
brickwall_1d,16,2,4.156294294487814e-09,4.656541819888002e-10,8.925710227139717,0.9506427833786973
brickwall_1d,16,3,1.455573038738177e-09,4.656541819888002e-10,3.125866995377239,0.49497049498751317
brickwall_1d,16,4,3.124709644307353e-09,4.656541819888002e-10,6.710365256383561,0.826746160186066
brickwall_1d,16,5,6.090334654829395e-09,4.656541819888002e-10,13.07909365017982,1.1165776494650208
brickwall_1d,16,6,4.11771020699584e-09,4.656541819888002e-10,8.842850265854324,0.9465922712591929
brickwall_1d,16,7,1.3130287968010634e-09,4.656541819888002e-10,2.819750895811012,0.4502107433004922
brickwall_1d,16,8,2.689573250154062e-09,4.656541819888002e-10,5.775902706740323,0.7616198690696022
brickwall_1d,16,9,3.4699845504093947e-09,4.656541819888002e-10,7.451848785270554,0.8722640335042788
brickwall_1d,16,10,2.3995454967736154e-09,4.656541819888002e-10,5.153063345260214,0.7120654811623895
brickwall_1d,16,11,1.984675594239131e-09,4.656541819888002e-10,4.262123419063089,0.6296260215025375
brickwall_1d,16,12,1.0080499079342586e-09,4.656541819888002e-10,2.164803725436109,0.33541852663665594
brickwall_1d,16,13,9.870807259878744e-10,4.656541819888002e-10,2.1197720629761583,0.3262891641769917
brickwall_1d,16,14,1.1101127401939966e-09,4.656541819888002e-10,2.3839853331773506,0.3773035791975035
brickwall_1d,16,15,1.2261826881489795e-09,4.656541819888002e-10,2.6332474518149422,0.4204916725918866
brickwall_1d,16,16,8.583379340620922e-10,4.656541819888002e-10,1.8432948038738686,0.2655947988418981
brickwall_1d,16,17,7.89124544626364e-10,4.656541819888002e-10,1.6946579138536413,0.22908204406147328
brickwall_1d,16,18,1.2998370288951031e-09,4.656541819888002e-10,2.7914213576769003,0.44582539704116125
brickwall_1d,16,19,8.530231609390681e-10,4.656541819888002e-10,1.8318812413448586,0.262897315456077
brickwall_1d,16,20,7.850690490858352e-10,4.656541819888002e-10,1.6859486706053408,0.22684434821742927
brickwall_1d,16,21,6.767764605141425e-10,4.656541819888002e-10,1.453388558916497,0.16238173710191614
brickwall_1d,16,22,6.508742536390435e-10,4.656541819888002e-10,1.3977631444415937,0.1454335850169994
brickwall_1d,16,23,7.573384426707026e-10,4.656541819888002e-10,1.6263967381032087,0.21122649461104614
brickwall_1d,16,24,8.33480921887013e-10,4.656541819888002e-10,1.789913962175174,0.2528321557560979
brickwall_1d,16,25,8.306130575364571e-10,4.656541819888002e-10,1.783755176403494,0.25133524643396427
brickwall_1d,16,26,7.857041194297264e-10,4.656541819888002e-10,1.687312494594162,0.22719552248820069
brickwall_1d,16,27,6.720291240870397e-10,4.656541819888002e-10,1.4431935760070187,0.15932458705560432
brickwall_1d,16,28,6.16245593585646e-10,4.656541819888002e-10,1.323397528512839,0.12169031924951537
brickwall_1d,16,29,7.049538343386676e-10,4.656541819888002e-10,1.5138999317644333,0.18009716940526693
brickwall_1d,16,30,5.607292134886148e-10,4.656541819888002e-10,1.2041751908975689,0.08068967538127966
grid_2d,8,1,0.0001888244281606041,3.0398832684824903e-05,6.211568388771232,0.7932012711249059
grid_2d,8,2,0.00029478051772205486,3.0398832684824903e-05,9.697099910984717,0.98664187024827
grid_2d,8,3,0.00021984287783135634,3.0398832684824903e-05,7.231951309140298,0.8592554934846087
grid_2d,8,4,0.00010265178191274571,3.0398832684824903e-05,3.3768330178016828,0.5285095855864641
grid_2d,8,5,7.01326505470034e-05,3.0398832684824903e-05,2.307083672394224,0.36306334562648435
grid_2d,8,6,4.080717445933584e-05,3.0398832684824903e-05,1.3423928110143117,0.12787961769113954
grid_2d,8,7,5.0195164095944694e-05,3.0398832684824903e-05,1.6512201181001966,0.21780497132712923
grid_2d,8,8,4.0701085543582155e-05,3.0398832684824903e-05,1.3389029100416785,0.12674908547958066
grid_2d,8,9,6.391536987975745e-05,3.0398832684824903e-05,2.102560007564501,0.32274839951500983
grid_2d,8,10,4.364456999570329e-05,3.0398832684824903e-05,1.4357317745786553,0.1570733119807795
grid_2d,8,11,4.203398927128541e-05,3.0398832684824903e-05,1.3827501110682048,0.1407437020255326
grid_2d,8,12,4.3769608629372595e-05,3.0398832684824903e-05,1.4398450454718408,0.15831575631917294
grid_2d,8,13,4.383765564329933e-05,3.0398832684824903e-05,1.4420835200419748,0.15899041381126075
grid_2d,8,14,4.926232692535465e-05,3.0398832684824903e-05,1.6205335065364666,0.20965801503713147
grid_2d,8,15,5.165508322430212e-05,3.0398832684824903e-05,1.6992456177466424,0.2302561585761115
grid_2d,8,16,5.036713788273189e-05,3.0398832684824903e-05,1.6568773677903483,0.21929036571393837
grid_2d,8,17,4.387701761407615e-05,3.0398832684824903e-05,1.4433783714326491,0.15938019324537075
grid_2d,8,18,5.168129979499652e-05,3.0398832684824903e-05,1.7001080380562055,0.23047652069637573
grid_2d,8,19,4.0552722670019516e-05,3.0398832684824903e-05,1.334022364952962,0.12516311061069482
grid_2d,8,20,4.5221104638146996e-05,3.0398832684824903e-05,1.4875934581764836,0.1724842598428225
grid_2d,8,21,5.578878478297556e-05,3.0398832684824903e-05,1.835227864220764,0.2636899944899808
grid_2d,8,22,4.3571707475820176e-05,3.0398832684824903e-05,1.4333348891245805,0.1563476722584266
grid_2d,8,23,5.223468042837946e-05,3.0398832684824903e-05,1.7183120473719706,0.23510203501656354
grid_2d,8,24,4.503993738770107e-05,3.0398832684824903e-05,1.4816337803058144,0.17074087108810934
grid_2d,8,25,4.821446205437879e-05,3.0398832684824903e-05,1.5860629437408447,0.20032041852817256
grid_2d,8,26,5.341450325121199e-05,3.0398832684824903e-05,1.7571234989518696,0.24480228683873032
grid_2d,8,27,4.438340663350861e-05,3.0398832684824903e-05,1.4600365446158992,0.16436372628197135
grid_2d,8,28,4.377188166089515e-05,3.0398832684824903e-05,1.4399198191168068,0.15833830939759064
grid_2d,8,29,4.751813051576083e-05,3.0398832684824903e-05,1.5631564214464684,0.19400243903773556
grid_2d,8,30,4.48537195489133e-05,3.0398832684824903e-05,1.4755079582810517,0.16894155624751706
grid_2d,10,1,4.1450529136656e-05,1.9054878048780488e-06,21.753237690917068,1.337523905274719
grid_2d,10,2,1.3759997702286396e-05,1.9054878048780488e-06,7.2212467941599,0.8586121877464261
grid_2d,10,3,1.2324599472881331e-05,1.9054878048780488e-06,6.467949803368123,0.8107666407636109
grid_2d,10,4,6.18978368841192e-06,1.9054878048780488e-06,3.248398479678576,0.5116692985588775
grid_2d,10,5,8.246160242341406e-06,1.9054878048780488e-06,4.32758489518077,0.6362455962809745
grid_2d,10,6,3.854603048494618e-06,1.9054878048780488e-06,2.0228956798499755,0.30597348690640186
grid_2d,10,7,3.887825926805149e-06,1.9054878048780488e-06,2.0403310463873425,0.309700637992114
grid_2d,10,8,4.493031159541899e-06,1.9054878048780488e-06,2.3579427525275882,0.3725332568391471
grid_2d,10,9,4.144584681315841e-06,1.9054878048780488e-06,2.175078040754553,0.33747484384745263
grid_2d,10,10,3.4036655743846084e-06,1.9054878048780488e-06,1.7862436934370425,0.2519407084692423
grid_2d,10,11,3.022428899849927e-06,1.9054878048780488e-06,1.5861706866412415,0.20034991960065124
grid_2d,10,12,3.4246255024638045e-06,1.9054878048780488e-06,1.7972434636930046,0.2546069128220497
grid_2d,10,13,3.2542394446812894e-06,1.9054878048780488e-06,1.7078248605687407,0.23244333123088193
grid_2d,10,14,2.7502734080068574e-06,1.9054878048780488e-06,1.4433434845219988,0.15936969608385476
grid_2d,10,15,3.0462483207061588e-06,1.9054878048780488e-06,1.598671118706592,0.20375912914856684
grid_2d,10,16,2.839634266070499e-06,1.9054878048780488e-06,1.4902400628337977,0.1732562345640308
grid_2d,10,17,2.7365782314949282e-06,1.9054878048780488e-06,1.4361562558885383,0.15720169434801667
grid_2d,10,18,3.437809928864583e-06,1.9054878048780488e-06,1.8041626506681332,0.2562756879195736
grid_2d,10,19,2.738532929131729e-06,1.9054878048780488e-06,1.4371820812083314,0.157511793781111
grid_2d,10,20,2.6005810614430164e-06,1.9054878048780488e-06,1.364784941045295,0.13506422187077155
grid_2d,10,21,2.593722264972069e-06,1.9054878048780488e-06,1.361185444657342,0.1339172964781387
grid_2d,10,22,2.1990189084274103e-06,1.9054878048780488e-06,1.154045123142705,0.062222790057807904
grid_2d,10,23,2.9022452996886073e-06,1.9054878048780488e-06,1.523098333276581,0.18272794287695623
grid_2d,10,24,2.759040404380168e-06,1.9054878048780488e-06,1.4479444042187122,0.16075188685797664
grid_2d,10,25,2.9637379992864547e-06,1.9054878048780488e-06,1.5553697020255315,0.19183363482015853
grid_2d,10,26,2.747850772326188e-06,1.9054878048780488e-06,1.4420720853167834,0.15898697014265736
grid_2d,10,27,3.335053957119436e-06,1.9054878048780488e-06,1.75023631669628,0.2430966910338653
grid_2d,10,28,2.783418664961892e-06,1.9054878048780488e-06,1.460738115372001,0.1645723615581352
grid_2d,10,29,3.542164517748111e-06,1.9054878048780488e-06,1.8589279389142086,0.2692625547323619
grid_2d,10,30,2.817676805614374e-06,1.9054878048780488e-06,1.4787167875864233,0.16988500336384538
grid_2d,12,1,3.4572312053745474e-05,1.1918019282401757e-07,290.0843775676318,2.4625243405956203
grid_2d,12,2,8.888139157228818e-07,1.1918019282401757e-07,7.457731814843692,0.8726067617783478
grid_2d,12,3,9.69571564860635e-07,1.1918019282401757e-07,8.135341468127276,0.9103757864813713
grid_2d,12,4,5.897401219037773e-07,1.1918019282401757e-07,4.9483064922926605,0.6944565914803428
grid_2d,12,5,5.629284806319426e-07,1.1918019282401757e-07,4.723339233585293,0.6742491380356175
grid_2d,12,6,2.991898547577421e-07,1.1918019282401757e-07,2.5103991499621774,0.3997427791878908
grid_2d,12,7,2.282046005930009e-07,1.1918019282401757e-07,1.9147863011932666,0.2821203117817857
grid_2d,12,8,1.9604426261055644e-07,1.1918019282401757e-07,1.644939968338841,0.21615005310975607
grid_2d,12,9,2.2012780342004718e-07,1.1918019282401757e-07,1.8470166745332395,0.26647081619015256
grid_2d,12,10,1.9620815483114902e-07,1.1918019282401757e-07,1.6463151315829094,0.2165129698848083
grid_2d,12,11,2.5733636157372515e-07,1.1918019282401757e-07,2.1592208862567466,0.33429707252205293
grid_2d,12,12,1.9582031766819414e-07,1.1918019282401757e-07,1.6430609233645392,0.21565366702027117
grid_2d,12,13,2.3097063535605965e-07,1.1918019282401757e-07,1.9379951473741341,0.2873526852682683
grid_2d,12,14,1.7271024722512827e-07,1.1918019282401757e-07,1.449152272141006,0.16111402210061124
grid_2d,12,15,2.015474767502176e-07,1.1918019282401757e-07,1.6911155450790738,0.22817328168167147
grid_2d,12,16,1.7916418470302158e-07,1.1918019282401757e-07,1.5033050413635163,0.17704711387981042
grid_2d,12,17,1.5771241297539535e-07,1.1918019282401757e-07,1.3233106042064788,0.12166179268389797
grid_2d,12,18,1.9214834151826976e-07,1.1918019282401757e-07,1.6122506346503194,0.2074325565661649
grid_2d,12,19,1.8089758459274353e-07,1.1918019282401757e-07,1.517849403548611,0.1812286843049952
grid_2d,12,20,1.7613661472254831e-07,1.1918019282401757e-07,1.4779017431414383,0.16964556137276637
grid_2d,12,21,2.3657721739002186e-07,1.1918019282401757e-07,1.9850380485568913,0.29776883559280404
grid_2d,12,22,1.9331705469464822e-07,1.1918019282401757e-07,1.6220569048759783,0.21006608602811355
grid_2d,12,23,1.8076215783006196e-07,1.1918019282401757e-07,1.5167130841697563,0.1809034332937014
grid_2d,12,24,1.8096930872592893e-07,1.1918019282401757e-07,1.518451216077068,0.18140084371634094
grid_2d,12,25,1.7136486452984948e-07,1.1918019282401757e-07,1.4378636287565687,0.15771769822560228
grid_2d,12,26,1.7436558285893602e-07,1.1918019282401757e-07,1.4630416240088286,0.1652566821199774
grid_2d,12,27,1.7443773726674075e-07,1.1918019282401757e-07,1.4636470468236018,0.16543636080875984
grid_2d,12,28,1.5945811820818662e-07,1.1918019282401757e-07,1.3379582162922303,0.12644255086299525
grid_2d,12,29,1.6341231550143221e-07,1.1918019282401757e-07,1.3711365255359853,0.13708070011038864
grid_2d,12,30,1.7678323574480203e-07,1.1918019282401757e-07,1.4833273177015376,0.17123699498419612
grid_2d,14,1,5.097293702737405e-06,7.450125877326823e-09,684.1889367601348,2.8351760474245027
grid_2d,14,2,2.990142034146988e-07,7.450125877326823e-09,40.13545654640509,1.6035282075010748
grid_2d,14,3,7.270204785998093e-08,7.450125877326823e-09,9.758499259889971,0.989383033520927
grid_2d,14,4,6.892166641847552e-08,7.450125877326823e-09,9.251074082952982,0.9661921588167857
grid_2d,14,5,2.0994102652338873e-08,7.450125877326823e-09,2.8179527430846254,0.44993370573938934
grid_2d,14,6,1.8609426624184612e-08,7.450125877326823e-09,2.497867409303674,0.3975693816217646
grid_2d,14,7,2.1390692695196125e-08,7.450125877326823e-09,2.8711854064499795,0.4580612379156152
grid_2d,14,8,3.0176175486601024e-08,7.450125877326823e-09,4.05042491677047,0.6075005860118671
grid_2d,14,9,1.581862113434559e-08,7.450125877326823e-09,2.12326897488898,0.32700501390728304
grid_2d,14,10,1.7562210097584085e-08,7.450125877326823e-09,2.3573038075815136,0.37241555768493273
grid_2d,14,11,1.1196169443413358e-08,7.450125877326823e-09,1.5028161440180459,0.17690585182939178
grid_2d,14,12,1.0457678529408627e-08,7.450125877326823e-09,1.40369152167412,0.14727167677209385
grid_2d,14,13,1.3381541449848264e-08,7.450125877326823e-09,1.796149712124017,0.2543425330214477
grid_2d,14,14,1.2494948583489181e-08,7.450125877326823e-09,1.6771459689715322,0.22457086270154492
grid_2d,14,15,1.2886860481295605e-08,7.450125877326823e-09,1.7297507040135454,0.23798351603467927
grid_2d,14,16,1.2160231144538359e-08,7.450125877326823e-09,1.6322182127883142,0.21277821953715054
grid_2d,14,17,1.254202362479016e-08,7.450125877326823e-09,1.683464659699194,0.2262040038493073
grid_2d,14,18,9.71986854308281e-09,7.450125877326823e-09,1.30465829747435,0.11549678067562155
grid_2d,14,19,9.34459971510466e-09,7.450125877326823e-09,1.254287493791661,0.0983970920425809
grid_2d,14,20,1.0668952477033144e-08,7.450125877326823e-09,1.4320499616660527,0.15595816999513662
grid_2d,14,21,1.0131395847624029e-08,7.450125877326823e-09,1.359895928531515,0.1335056735217555
grid_2d,14,22,1.0285692092920202e-08,7.450125877326823e-09,1.3806064840089396,0.14006990871815003
grid_2d,14,23,1.014735399069312e-08,7.450125877326823e-09,1.3620379249664554,0.13418920036263254
grid_2d,14,24,1.041023633792275e-08,7.450125877326823e-09,1.397323549875112,0.1452969785235694
grid_2d,14,25,1.3348681931892642e-08,7.450125877326823e-09,1.7917391130956672,0.2532747743042172
grid_2d,14,26,1.2796339627804616e-08,7.450125877326823e-09,1.7176004591745322,0.23492214753027593
grid_2d,14,27,1.0323753143527716e-08,7.450125877326823e-09,1.3857152635428998,0.14167400071157055
grid_2d,14,28,9.555913717298527e-09,7.450125877326823e-09,1.2826513101450148,0.10810860909371824
grid_2d,14,29,1.114180532223139e-08,7.450125877326823e-09,1.4955190698374048,0.17479195522915758
grid_2d,14,30,1.2170370347975316e-08,7.450125877326823e-09,1.633579156697707,0.2131401834910478
grid_2d,16,1,3.646656486976915e-08,4.656541819888002e-10,78.31254669295815,1.8938313472814083
grid_2d,16,2,1.1336056850370532e-07,4.656541819888002e-10,243.44368178879972,2.3863985075741816
grid_2d,16,3,5.774673675992184e-09,4.656541819888002e-10,12.40120651623628,1.093463939827855
grid_2d,16,4,2.2431359197456074e-09,4.656541819888002e-10,4.81717121097295,0.6827920821997163
grid_2d,16,5,2.5733590574689587e-09,4.656541819888002e-10,5.526330820176876,0.7424368793276709
grid_2d,16,6,5.299814658927132e-09,4.656541819888002e-10,11.381438981803456,1.0561971743919794
grid_2d,16,7,1.1496888182212692e-09,4.656541819888002e-10,2.4689756104218157,0.3925167998098024
grid_2d,16,8,8.751583116315068e-10,4.656541819888002e-10,1.8794168408275045,0.274023114104776
grid_2d,16,9,8.055849457596546e-10,4.656541819888002e-10,1.7300068955013277,0.23804783415319336
grid_2d,16,10,6.779579200027888e-10,4.656541819888002e-10,1.4559257625632036,0.1631392309309216
grid_2d,16,11,8.681271132159871e-10,4.656541819888002e-10,1.8643172268060229,0.2705198125938444
grid_2d,16,12,5.994019047487853e-10,4.656541819888002e-10,1.2872254302296848,0.10965461103141058
grid_2d,16,13,6.480378854616785e-10,4.656541819888002e-10,1.3916719972188822,0.14353688859096136
grid_2d,16,14,7.243459393544655e-10,4.656541819888002e-10,1.555544795626655,0.19188252217140025
grid_2d,16,15,6.851026185108239e-10,4.656541819888002e-10,1.4712691198965797,0.16769211976763296
grid_2d,16,16,5.961423446056193e-10,4.656541819888002e-10,1.2802254713132966,0.10728646365087123
grid_2d,16,17,6.677003064408219e-10,4.656541819888002e-10,1.4338973690498955,0.1565180678935782
grid_2d,16,18,7.874207360221893e-10,4.656541819888002e-10,1.690998956906454,0.22814333970305764
grid_2d,16,19,5.920343007859721e-10,4.656541819888002e-10,1.271403379772957,0.10428336158145593
grid_2d,16,20,8.329457055713017e-10,4.656541819888002e-10,1.788764576351073,0.2525531857772217
grid_2d,16,21,7.026007263168419e-10,4.656541819888002e-10,1.5088465936589412,0.1786450867509741
grid_2d,16,22,7.531900436674732e-10,4.656541819888002e-10,1.6174879831436555,0.20884106283453305
grid_2d,16,23,7.338896760955276e-10,4.656541819888002e-10,1.5760401269480682,0.19756727069812396
grid_2d,16,24,6.048346689587957e-10,4.656541819888002e-10,1.2988923805549395,0.11357316918901156
grid_2d,16,25,6.207781775803876e-10,4.656541819888002e-10,1.3331313270484455,0.12487293396234114
grid_2d,16,26,7.701072873417685e-10,4.656541819888002e-10,1.6538180416476769,0.2184877253765035
grid_2d,16,27,7.125707886993601e-10,4.656541819888002e-10,1.530257466293943,0.1847645071467841
grid_2d,16,28,6.984730696957833e-10,4.656541819888002e-10,1.4999823833056067,0.17608615847028644
grid_2d,16,29,6.937703790372442e-10,4.656541819888002e-10,1.4898832779170241,0.17315224576651858
grid_2d,16,30,5.681671930655961e-10,4.656541819888002e-10,1.2201483741410089,0.08641264555392489
