framework,framework_version,simulator,architecture,n,depth,n_samples,mean_entropy,std_entropy,stderr_entropy,mean_normalized_entropy,std_normalized_entropy,stderr_normalized_entropy,seed
PennyLane,0.44.1,lightning.qubit,all_to_all,8,1,50,0.606444002761224,0.3989455906642195,0.056419426496628435,0.151611000690306,0.09973639766605487,0.014104856624157109,2223136780
PennyLane,0.44.1,lightning.qubit,all_to_all,8,2,50,0.6699847623324388,0.38621629881627034,0.05461923277955094,0.1674961905831097,0.09655407470406759,0.013654808194887735,2223136780
PennyLane,0.44.1,lightning.qubit,all_to_all,8,3,50,1.481151111748421,0.4521402325199267,0.0639422848924205,0.37028777793710527,0.11303505812998167,0.015985571223105125,2223136780
PennyLane,0.44.1,lightning.qubit,all_to_all,8,4,50,2.4491027446801583,0.39125098462880586,0.05533124487538846,0.6122756861700396,0.09781274615720147,0.013832811218847114,2223136780
PennyLane,0.44.1,lightning.qubit,all_to_all,8,5,50,2.725646137040445,0.26528654335101154,0.037517182752207855,0.6814115342601113,0.06632163583775288,0.009379295688051964,2223136780
PennyLane,0.44.1,lightning.qubit,all_to_all,8,6,50,2.9344464154798993,0.3013501438467308,0.042617346045112976,0.7336116038699748,0.0753375359616827,0.010654336511278244,2223136780
PennyLane,0.44.1,lightning.qubit,all_to_all,8,7,50,3.0681887818682925,0.15395195798378863,0.021772094693456676,0.7670471954670731,0.03848798949594716,0.005443023673364169,2223136780
PennyLane,0.44.1,lightning.qubit,all_to_all,8,8,50,3.089083454415713,0.1561245934773973,0.02207935175157213,0.7722708636039283,0.039031148369349324,0.005519837937893033,2223136780
PennyLane,0.44.1,lightning.qubit,all_to_all,8,9,50,3.111187019313258,0.10021689606030677,0.014172809358742064,0.7777967548283145,0.025054224015076693,0.003543202339685516,2223136780
PennyLane,0.44.1,lightning.qubit,all_to_all,8,10,50,3.1835560964222793,0.08008937325662369,0.011326347786147826,0.7958890241055698,0.02002234331415592,0.0028315869465369565,2223136780
PennyLane,0.44.1,lightning.qubit,all_to_all,8,11,50,3.248685287192966,0.06294620045369315,0.008901937038146832,0.8121713217982415,0.015736550113423287,0.002225484259536708,2223136780
PennyLane,0.44.1,lightning.qubit,all_to_all,8,12,50,3.233547963965249,0.061210170548203886,0.008656425334444011,0.8083869909913123,0.015302542637050972,0.002164106333611003,2223136780
PennyLane,0.44.1,lightning.qubit,all_to_all,8,13,50,3.231747038138628,0.061369262294845725,0.008678924305020264,0.807936759534657,0.015342315573711431,0.002169731076255066,2223136780
PennyLane,0.44.1,lightning.qubit,all_to_all,8,14,50,3.239704984194427,0.06193233118593578,0.008758554271253256,0.8099262460486067,0.015483082796483945,0.002189638567813314,2223136780
PennyLane,0.44.1,lightning.qubit,all_to_all,8,15,50,3.2474485794589536,0.06493304359471494,0.009182919089780929,0.8118621448647384,0.016233260898678735,0.002295729772445232,2223136780
PennyLane,0.44.1,lightning.qubit,all_to_all,8,16,50,3.2519343794559585,0.06256675391217803,0.008848275193626206,0.8129835948639896,0.015641688478044508,0.0022120687984065516,2223136780
PennyLane,0.44.1,lightning.qubit,all_to_all,8,17,50,3.2372903160069297,0.06806371881124956,0.009625663424841788,0.8093225790017324,0.01701592970281239,0.002406415856210447,2223136780
PennyLane,0.44.1,lightning.qubit,all_to_all,8,18,50,3.250455325544001,0.056731504348812294,0.008023046286391857,0.8126138313860003,0.014182876087203073,0.0020057615715979643,2223136780
PennyLane,0.44.1,lightning.qubit,all_to_all,8,19,50,3.257918229393974,0.07549679373819584,0.010676858962024072,0.8144795573484935,0.01887419843454896,0.002669214740506018,2223136780
PennyLane,0.44.1,lightning.qubit,all_to_all,8,20,50,3.253792838092951,0.05619074583708615,0.007946571484266677,0.8134482095232377,0.014047686459271538,0.001986642871066669,2223136780
PennyLane,0.44.1,lightning.qubit,all_to_all,8,21,50,3.2308813128530613,0.06248344686287284,0.008836493797729338,0.8077203282132653,0.01562086171571821,0.0022091234494323346,2223136780
PennyLane,0.44.1,lightning.qubit,all_to_all,8,22,50,3.2572811661781094,0.06406260051956147,0.009059819849565352,0.8143202915445273,0.01601565012989037,0.002264954962391338,2223136780
PennyLane,0.44.1,lightning.qubit,all_to_all,8,23,50,3.26284741832975,0.07705501640332069,0.010897224924645742,0.8157118545824374,0.01926375410083017,0.0027243062311614356,2223136780
PennyLane,0.44.1,lightning.qubit,all_to_all,8,24,50,3.2571224913608763,0.06545320195001546,0.009256480589845698,0.8142806228402191,0.016363300487503864,0.0023141201474614244,2223136780
PennyLane,0.44.1,lightning.qubit,all_to_all,8,25,50,3.247782420395105,0.06616654060687369,0.009357361910155088,0.8119456050987762,0.01654163515171842,0.002339340477538772,2223136780
PennyLane,0.44.1,lightning.qubit,all_to_all,8,26,50,3.243961799258952,0.06530324805132627,0.00923527390612,0.810990449814738,0.016325812012831568,0.00230881847653,2223136780
PennyLane,0.44.1,lightning.qubit,all_to_all,8,27,50,3.250683818431097,0.05682040131359448,0.008035618215716734,0.8126709546077743,0.01420510032839862,0.0020089045539291835,2223136780
PennyLane,0.44.1,lightning.qubit,all_to_all,8,28,50,3.2546542447811015,0.06472393116130834,0.009153346125842484,0.8136635611952754,0.016180982790327085,0.002288336531460621,2223136780
PennyLane,0.44.1,lightning.qubit,all_to_all,8,29,50,3.2470134385843825,0.06027981484038764,0.008524853168461516,0.8117533596460956,0.01506995371009691,0.002131213292115379,2223136780
PennyLane,0.44.1,lightning.qubit,all_to_all,8,30,50,3.2465865852558515,0.06712429226474186,0.009492808448549337,0.8116466463139629,0.016781073066185464,0.002373202112137334,2223136780
PennyLane,0.44.1,lightning.qubit,all_to_all,10,1,50,0.96593987133687,0.533504740909685,0.07544896401848207,0.19318797426737397,0.106700948181937,0.015089792803696413,2914332284
PennyLane,0.44.1,lightning.qubit,all_to_all,10,2,50,1.092740991788788,0.4705888322356431,0.06655131088489635,0.21854819835775763,0.09411776644712862,0.013310262176979271,2914332284
PennyLane,0.44.1,lightning.qubit,all_to_all,10,3,50,1.5732969790524882,0.6021505963903717,0.08515695400063113,0.31465939581049773,0.12043011927807433,0.017031390800126223,2914332284
PennyLane,0.44.1,lightning.qubit,all_to_all,10,4,50,2.6800086696067495,0.4717177155777244,0.06671095909816721,0.5360017339213499,0.0943435431155449,0.013342191819633442,2914332284
PennyLane,0.44.1,lightning.qubit,all_to_all,10,5,50,3.508819105758521,0.3659141860105087,0.05174808045207728,0.7017638211517042,0.07318283720210172,0.010349616090415454,2914332284
PennyLane,0.44.1,lightning.qubit,all_to_all,10,6,50,3.7993320287398906,0.26906732224598545,0.03805186563116846,0.7598664057479781,0.05381346444919708,0.00761037312623369,2914332284
PennyLane,0.44.1,lightning.qubit,all_to_all,10,7,50,3.834756836881234,0.23607728582212537,0.03338636993778793,0.7669513673762467,0.04721545716442507,0.006677273987557585,2914332284
PennyLane,0.44.1,lightning.qubit,all_to_all,10,8,50,3.9913756925797497,0.1758974881965467,0.024875661339491772,0.7982751385159499,0.035179497639309346,0.004975132267898356,2914332284
PennyLane,0.44.1,lightning.qubit,all_to_all,10,9,50,4.153359629843063,0.09828017534834842,0.013898915689004025,0.8306719259686126,0.019656035069669685,0.002779783137800805,2914332284
PennyLane,0.44.1,lightning.qubit,all_to_all,10,10,50,4.204820646488042,0.06519811387310295,0.009220405688048763,0.8409641292976084,0.013039622774620585,0.001844081137609752,2914332284
PennyLane,0.44.1,lightning.qubit,all_to_all,10,11,50,4.201077352402242,0.06978814736135318,0.00986953444913178,0.8402154704804482,0.013957629472270631,0.001973906889826355,2914332284
PennyLane,0.44.1,lightning.qubit,all_to_all,10,12,50,4.218600609874341,0.05396562899252537,0.007631892442322408,0.8437201219748682,0.01079312579850508,0.0015263784884644825,2914332284
PennyLane,0.44.1,lightning.qubit,all_to_all,10,13,50,4.238640437432178,0.03327872705171132,0.004706322713504255,0.8477280874864357,0.006655745410342267,0.0009412645427008515,2914332284
PennyLane,0.44.1,lightning.qubit,all_to_all,10,14,50,4.258544368847509,0.029532011020431112,0.004176457050924539,0.8517088737695018,0.005906402204086223,0.0008352914101849077,2914332284
PennyLane,0.44.1,lightning.qubit,all_to_all,10,15,50,4.25522577666875,0.03378482154420347,0.004777895283016727,0.8510451553337499,0.006756964308840685,0.0009555790566033442,2914332284
PennyLane,0.44.1,lightning.qubit,all_to_all,10,16,50,4.264296041446516,0.026346947111087378,0.0037260209931626403,0.8528592082893033,0.005269389422217475,0.0007452041986325279,2914332284
PennyLane,0.44.1,lightning.qubit,all_to_all,10,17,50,4.262382164304017,0.03146899085952542,0.00445038736677358,0.8524764328608034,0.006293798171905083,0.000890077473354716,2914332284
PennyLane,0.44.1,lightning.qubit,all_to_all,10,18,50,4.267971390830865,0.030264303012815665,0.0042800187776492835,0.853594278166173,0.0060528606025631254,0.0008560037555298556,2914332284
PennyLane,0.44.1,lightning.qubit,all_to_all,10,19,50,4.261544810873006,0.030823375979439585,0.004359083634824854,0.8523089621746013,0.006164675195887909,0.0008718167269649696,2914332284
PennyLane,0.44.1,lightning.qubit,all_to_all,10,20,50,4.264889736760895,0.03552802980533558,0.005024422159510112,0.852977947352179,0.007105605961067111,0.001004884431902022,2914332284
PennyLane,0.44.1,lightning.qubit,all_to_all,10,21,50,4.260749288411941,0.030409038087236568,0.0043004874081689955,0.8521498576823884,0.006081807617447307,0.000860097481633798,2914332284
PennyLane,0.44.1,lightning.qubit,all_to_all,10,22,50,4.264641527975451,0.031931998565708455,0.004515866544530312,0.85292830559509,0.0063863997131416925,0.0009031733089060625,2914332284
PennyLane,0.44.1,lightning.qubit,all_to_all,10,23,50,4.271707241192136,0.03425357333597225,0.004844186797147338,0.8543414482384271,0.006850714667194447,0.0009688373594294672,2914332284
PennyLane,0.44.1,lightning.qubit,all_to_all,10,24,50,4.262085467944171,0.025601037670882218,0.0036205334684986145,0.8524170935888344,0.005120207534176436,0.0007241066936997218,2914332284
PennyLane,0.44.1,lightning.qubit,all_to_all,10,25,50,4.273230306302631,0.027673600902795293,0.003913638171643343,0.8546460612605261,0.005534720180559064,0.0007827276343286693,2914332284
PennyLane,0.44.1,lightning.qubit,all_to_all,10,26,50,4.260112047831203,0.031183113256321407,0.004409958168410598,0.8520224095662406,0.0062366226512642845,0.0008819916336821201,2914332284
PennyLane,0.44.1,lightning.qubit,all_to_all,10,27,50,4.262533122562708,0.033916275469055866,0.004796485675352071,0.8525066245125413,0.006783255093811172,0.000959297135070414,2914332284
PennyLane,0.44.1,lightning.qubit,all_to_all,10,28,50,4.264552172193229,0.027443135662434684,0.003881045464785988,0.8529104344386458,0.0054886271324869375,0.0007762090929571977,2914332284
PennyLane,0.44.1,lightning.qubit,all_to_all,10,29,50,4.271813268994829,0.032086339593992985,0.004537693662073371,0.8543626537989658,0.006417267918798603,0.000907538732414675,2914332284
PennyLane,0.44.1,lightning.qubit,all_to_all,10,30,50,4.261996109500262,0.028365991558045048,0.004011556997154803,0.8523992219000526,0.005673198311609014,0.0008023113994309611,2914332284
PennyLane,0.44.1,lightning.qubit,all_to_all,12,1,50,1.2638491846063882,0.5752628515644381,0.0813544526611849,0.21064153076773134,0.09587714192740635,0.013559075443530815,339234118
PennyLane,0.44.1,lightning.qubit,all_to_all,12,2,50,1.4539566344170316,0.4990211564880613,0.07057224874165229,0.24232610573617192,0.08317019274801021,0.011762041456942048,339234118
PennyLane,0.44.1,lightning.qubit,all_to_all,12,3,50,1.4406374561582522,0.47018340099974776,0.06649397424965507,0.24010624269304198,0.07836390016662463,0.01108232904160918,339234118
PennyLane,0.44.1,lightning.qubit,all_to_all,12,4,50,2.4916940412553186,0.5527654251030544,0.07817283609916688,0.41528234020921984,0.09212757085050906,0.013028806016527813,339234118
PennyLane,0.44.1,lightning.qubit,all_to_all,12,5,50,3.873257251323082,0.4646452588908048,0.06571076268157341,0.6455428752205137,0.0774408764818008,0.010951793780262235,339234118
PennyLane,0.44.1,lightning.qubit,all_to_all,12,6,50,4.680387199712291,0.28148745210516435,0.039808337240497045,0.7800645332853817,0.046914575350860716,0.006634722873416173,339234118
PennyLane,0.44.1,lightning.qubit,all_to_all,12,7,50,4.915838059673506,0.2053557876420752,0.029041693999523197,0.8193063432789177,0.03422596460701253,0.004840282333253865,339234118
PennyLane,0.44.1,lightning.qubit,all_to_all,12,8,50,4.918793354015775,0.1960575604613819,0.027726726101026933,0.8197988923359627,0.03267626007689699,0.004621121016837823,339234118
PennyLane,0.44.1,lightning.qubit,all_to_all,12,9,50,5.0065702318971,0.1417268997381835,0.020043210376283097,0.8344283719828499,0.023621149956363913,0.003340535062713849,339234118
PennyLane,0.44.1,lightning.qubit,all_to_all,12,10,50,5.139243746035241,0.08437291769707832,0.011932132450419708,0.8565406243392069,0.01406215294951306,0.001988688741736619,339234118
PennyLane,0.44.1,lightning.qubit,all_to_all,12,11,50,5.225091088404509,0.04455806350887945,0.0063014617727339016,0.8708485147340849,0.007426343918146576,0.0010502436287889837,339234118
PennyLane,0.44.1,lightning.qubit,all_to_all,12,12,50,5.247199450367247,0.021684936552203462,0.00306671313713262,0.8745332417278745,0.0036141560920339034,0.0005111188561887689,339234118
PennyLane,0.44.1,lightning.qubit,all_to_all,12,13,50,5.246171850420488,0.02308029143466603,0.003264046117042828,0.8743619750700816,0.0038467152391110024,0.0005440076861738043,339234118
PennyLane,0.44.1,lightning.qubit,all_to_all,12,14,50,5.247639650663673,0.020513071088293325,0.0029009863338987844,0.8746066084439457,0.0034188451813822168,0.0004834977223164635,339234118
PennyLane,0.44.1,lightning.qubit,all_to_all,12,15,50,5.2587341520780635,0.02124157413813501,0.0030040122232304115,0.8764556920130108,0.0035402623563558365,0.0005006687038717355,339234118
PennyLane,0.44.1,lightning.qubit,all_to_all,12,16,50,5.2637025079413995,0.01831677349685191,0.002590382949816403,0.8772837513235666,0.0030527955828086465,0.00043173049163606645,339234118
PennyLane,0.44.1,lightning.qubit,all_to_all,12,17,50,5.266833236725102,0.017152579695829184,0.0024257410835527007,0.8778055394541836,0.002858763282638195,0.0004042901805921165,339234118
PennyLane,0.44.1,lightning.qubit,all_to_all,12,18,50,5.266568759591709,0.01580632853620368,0.0022353524187224113,0.8777614599319515,0.002634388089367283,0.0003725587364537357,339234118
PennyLane,0.44.1,lightning.qubit,all_to_all,12,19,50,5.2692043559284745,0.017502634313568737,0.0024752462823505613,0.8782007259880793,0.002917105718928121,0.00041254104705842665,339234118
PennyLane,0.44.1,lightning.qubit,all_to_all,12,20,50,5.274741152862211,0.014621346369858951,0.002067770633640915,0.8791235254770349,0.002436891061643155,0.00034462843894015195,339234118
PennyLane,0.44.1,lightning.qubit,all_to_all,12,21,50,5.270379445676103,0.017356920368850882,0.002454639218665874,0.8783965742793507,0.0028928200614751513,0.0004091065364443129,339234118
PennyLane,0.44.1,lightning.qubit,all_to_all,12,22,50,5.2736685465617175,0.013089554076159927,0.0018511424899921396,0.8789447577602861,0.0021815923460266613,0.0003085237483320242,339234118
PennyLane,0.44.1,lightning.qubit,all_to_all,12,23,50,5.269004193602394,0.011288015496233447,0.0015963664607051003,0.8781673656003991,0.0018813359160389023,0.0002660610767841826,339234118
PennyLane,0.44.1,lightning.qubit,all_to_all,12,24,50,5.2684079794089875,0.01807256217157066,0.0025558462529866183,0.8780679965681647,0.0030120936952617765,0.0004259743754977697,339234118
PennyLane,0.44.1,lightning.qubit,all_to_all,12,25,50,5.272635958515471,0.014694333445416631,0.002078092564854077,0.8787726597525785,0.00244905557423611,0.0003463487608090135,339234118
PennyLane,0.44.1,lightning.qubit,all_to_all,12,26,50,5.271660350421733,0.017832959891282054,0.0025219613735506514,0.8786100584036223,0.0029721599818803442,0.0004203268955917755,339234118
PennyLane,0.44.1,lightning.qubit,all_to_all,12,27,50,5.271566498029782,0.017156503847633505,0.002426296042422949,0.878594416338297,0.002859417307938919,0.0004043826737371584,339234118
PennyLane,0.44.1,lightning.qubit,all_to_all,12,28,50,5.268084788460455,0.014672765849103842,0.0020750424461327436,0.8780141314100759,0.0024454609748506386,0.0003458404076887903,339234118
PennyLane,0.44.1,lightning.qubit,all_to_all,12,29,50,5.2711249674436615,0.01605355800459875,0.0022703159454446715,0.8785208279072768,0.002675593000766462,0.00037838599090744574,339234118
PennyLane,0.44.1,lightning.qubit,all_to_all,12,30,50,5.268271843579123,0.017353966184683205,0.0024542214339343064,0.8780453072631872,0.0028923276974471943,0.0004090369056557168,339234118
PennyLane,0.44.1,lightning.qubit,all_to_all,14,1,50,1.6160803350366522,0.6710768931762245,0.09490460437250174,0.23086861929095037,0.0958681275966035,0.013557800624643105,1528416254
PennyLane,0.44.1,lightning.qubit,all_to_all,14,2,50,2.032899797817952,0.6171265274031478,0.0872748704753743,0.29041425683113603,0.08816093248616395,0.012467838639339184,1528416254
PennyLane,0.44.1,lightning.qubit,all_to_all,14,3,50,2.0417167635582354,0.5013622624073804,0.07090333111585759,0.2916738233654622,0.07162318034391148,0.01012904730226537,1528416254
PennyLane,0.44.1,lightning.qubit,all_to_all,14,4,50,2.6089369427187443,0.5224349935497352,0.07388346533363359,0.37270527753124916,0.07463357050710503,0.010554780761947657,1528416254
PennyLane,0.44.1,lightning.qubit,all_to_all,14,5,50,4.05790694122963,0.5062142831915465,0.07158951047564598,0.5797009916042328,0.07231632617022092,0.01022707292509228,1528416254
PennyLane,0.44.1,lightning.qubit,all_to_all,14,6,50,5.048796966901691,0.4297211428743282,0.060771746829134145,0.7212567095573845,0.0613887346963326,0.008681678118447734,1528416254
PennyLane,0.44.1,lightning.qubit,all_to_all,14,7,50,5.717416368680054,0.2523991044160797,0.03569462365960429,0.8167737669542933,0.036057014916582815,0.005099231951372041,1528416254
PennyLane,0.44.1,lightning.qubit,all_to_all,14,8,50,5.966826943657354,0.16459002457461597,0.02327654449847429,0.8524038490939077,0.023512860653516564,0.003325220642639184,1528416254
PennyLane,0.44.1,lightning.qubit,all_to_all,14,9,50,6.065941584344671,0.12441004950510444,0.017594237930562685,0.8665630834778101,0.01777286421501492,0.002513462561508955,1528416254
PennyLane,0.44.1,lightning.qubit,all_to_all,14,10,50,6.079481777114698,0.0836430395803263,0.011828912097260705,0.8684973967306714,0.01194900565433233,0.0016898445853229579,1528416254
PennyLane,0.44.1,lightning.qubit,all_to_all,14,11,50,6.15329037272172,0.0651832416281749,0.009218302435000745,0.8790414818173885,0.009311891661167838,0.0013169003478572486,1528416254
PennyLane,0.44.1,lightning.qubit,all_to_all,14,12,50,6.229202041403769,0.030102291106380515,0.0042571068341146325,0.8898860059148243,0.0043003273009115045,0.0006081581191592335,1528416254
PennyLane,0.44.1,lightning.qubit,all_to_all,14,13,50,6.254494734888428,0.02397551255110502,0.003390649501461908,0.8934992478412039,0.0034250732215864287,0.00048437850020884363,1528416254
PennyLane,0.44.1,lightning.qubit,all_to_all,14,14,50,6.264757533650911,0.012042316132813062,0.0017030406797408552,0.8949653619501302,0.001720330876116155,0.00024329152567726552,1528416254
PennyLane,0.44.1,lightning.qubit,all_to_all,14,15,50,6.264736645830552,0.009623468403484813,0.0013609639533277177,0.8949623779757929,0.0013747812004978354,0.0001944234219039604,1528416254
PennyLane,0.44.1,lightning.qubit,all_to_all,14,16,50,6.266570238485599,0.013833215253797,0.001956312062314609,0.895224319783657,0.0019761736076852917,0.00027947315175923075,1528416254
PennyLane,0.44.1,lightning.qubit,all_to_all,14,17,50,6.269183557899703,0.011183741886708638,0.001581619945426342,0.895597651128529,0.0015976774123869486,0.0002259457064894775,1528416254
PennyLane,0.44.1,lightning.qubit,all_to_all,14,18,50,6.272815370804611,0.007105948466365081,0.0010049328694657792,0.8961164815435158,0.0010151354951950106,0.00014356183849511118,1528416254
PennyLane,0.44.1,lightning.qubit,all_to_all,14,19,50,6.274075329357844,0.009388462577630288,0.0013277291107117019,0.8962964756225492,0.001341208939661478,0.00018967558724453,1528416254
PennyLane,0.44.1,lightning.qubit,all_to_all,14,20,50,6.2738729814838665,0.00743089114331507,0.0010508867035394285,0.8962675687834094,0.001061555877616441,0.00015012667193420442,1528416254
PennyLane,0.44.1,lightning.qubit,all_to_all,14,21,50,6.274717455759,0.009089861351296776,0.001285500520309493,0.8963882079655715,0.0012985516216138288,0.00018364293147278522,1528416254
PennyLane,0.44.1,lightning.qubit,all_to_all,14,22,50,6.272354972321565,0.00797134187737776,0.0011273179793300238,0.8960507103316521,0.0011387631253396752,0.00016104542561857412,1528416254
PennyLane,0.44.1,lightning.qubit,all_to_all,14,23,50,6.274983242841392,0.007508449759961496,0.0010618551482934556,0.8964261775487704,0.0010726356799945044,0.00015169359261335154,1528416254
PennyLane,0.44.1,lightning.qubit,all_to_all,14,24,50,6.273434659102537,0.007818919988062879,0.0011057622690228601,0.8962049513003625,0.0011169885697232729,0.0001579660384318378,1528416254
PennyLane,0.44.1,lightning.qubit,all_to_all,14,25,50,6.273103477857701,0.008764769642281215,0.0012395256099190074,0.8961576396939571,0.0012521099488973125,0.00017707508713128622,1528416254
PennyLane,0.44.1,lightning.qubit,all_to_all,14,26,50,6.274189274841099,0.007428816030523809,0.001050593238274143,0.8963127535487283,0.0010612594329319639,0.00015008474832487633,1528416254
PennyLane,0.44.1,lightning.qubit,all_to_all,14,27,50,6.274218803535684,0.006716099853190759,0.0009497999498634324,0.8963169719336693,0.0009594428361701032,0.00013568570712334675,1528416254
PennyLane,0.44.1,lightning.qubit,all_to_all,14,28,50,6.273930468249662,0.008423354004200507,0.0011912421473410074,0.8962757811785229,0.0012033362863143602,0.00017017744962014418,1528416254
PennyLane,0.44.1,lightning.qubit,all_to_all,14,29,50,6.27537771314543,0.00792978628675621,0.0011214411313450817,0.8964825304493473,0.0011328266123937498,0.00016020587590644103,1528416254
PennyLane,0.44.1,lightning.qubit,all_to_all,14,30,50,6.275683299347483,0.006718004615078,0.0009500693238728351,0.8965261856210688,0.0009597149450111385,0.00013572418912469013,1528416254
PennyLane,0.44.1,lightning.qubit,brickwall_1d,8,1,50,2.33850134778489e-16,2.0002774796537836e-16,2.8288195402358534e-17,5.846253369462225e-17,5.000693699134459e-17,7.072048850589633e-18,819795213
PennyLane,0.44.1,lightning.qubit,brickwall_1d,8,2,50,0.45452919324459784,0.33191526236854824,0.04693990656002251,0.11363229831114946,0.08297881559213706,0.011734976640005628,819795213
PennyLane,0.44.1,lightning.qubit,brickwall_1d,8,3,50,0.4201546739269277,0.2877669768127765,0.04069639614117325,0.10503866848173192,0.07194174420319413,0.010174099035293312,819795213
PennyLane,0.44.1,lightning.qubit,brickwall_1d,8,4,50,0.7967079024272614,0.3275123552842321,0.04631724146877166,0.19917697560681535,0.08187808882105803,0.011579310367192916,819795213
PennyLane,0.44.1,lightning.qubit,brickwall_1d,8,5,50,0.8202021179038624,0.3508028838095402,0.04961101960030448,0.2050505294759656,0.08770072095238506,0.01240275490007612,819795213
PennyLane,0.44.1,lightning.qubit,brickwall_1d,8,6,50,1.0853050830721882,0.34857405056304863,0.04929581497975884,0.27132627076804705,0.08714351264076216,0.01232395374493971,819795213
PennyLane,0.44.1,lightning.qubit,brickwall_1d,8,7,50,1.096281981416919,0.3081630930678605,0.04358084256394106,0.2740704953542297,0.07704077326696512,0.010895210640985266,819795213
PennyLane,0.44.1,lightning.qubit,brickwall_1d,8,8,50,1.4734622818503136,0.3522406534979494,0.04981435093959621,0.3683655704625784,0.08806016337448735,0.012453587734899052,819795213
PennyLane,0.44.1,lightning.qubit,brickwall_1d,8,9,50,1.4678586497120178,0.3558557835050148,0.05032560752816958,0.36696466242800446,0.0889639458762537,0.012581401882042395,819795213
PennyLane,0.44.1,lightning.qubit,brickwall_1d,8,10,50,1.7223107626656995,0.36278642744987466,0.051305748594449564,0.4305776906664249,0.09069660686246866,0.012826437148612391,819795213
PennyLane,0.44.1,lightning.qubit,brickwall_1d,8,11,50,1.6910488744082977,0.31294021012966944,0.04425642893772647,0.4227622186020744,0.07823505253241736,0.011064107234431618,819795213
PennyLane,0.44.1,lightning.qubit,brickwall_1d,8,12,50,2.043969669654425,0.2831290866548149,0.04004049942495465,0.5109924174136062,0.07078227166370372,0.010010124856238662,819795213
PennyLane,0.44.1,lightning.qubit,brickwall_1d,8,13,50,1.963083949153838,0.364941967794748,0.051610588033445794,0.4907709872884595,0.091235491948687,0.012902647008361448,819795213
PennyLane,0.44.1,lightning.qubit,brickwall_1d,8,14,50,2.1532945016056564,0.27225557096719827,0.03850275208934424,0.5383236254014141,0.06806389274179957,0.00962568802233606,819795213
PennyLane,0.44.1,lightning.qubit,brickwall_1d,8,15,50,2.2268223667922733,0.32807475357554655,0.046396776597874896,0.5567055916980683,0.08201868839388664,0.011599194149468724,819795213
PennyLane,0.44.1,lightning.qubit,brickwall_1d,8,16,50,2.3556424079520313,0.3020689634665127,0.04271900249063252,0.5889106019880078,0.07551724086662817,0.01067975062265813,819795213
PennyLane,0.44.1,lightning.qubit,brickwall_1d,8,17,50,2.423175510796058,0.29297760391753647,0.041433290093175285,0.6057938776990145,0.07324440097938412,0.010358322523293821,819795213
PennyLane,0.44.1,lightning.qubit,brickwall_1d,8,18,50,2.533042912701959,0.22699150337171092,0.03210144626117317,0.6332607281754897,0.05674787584292773,0.008025361565293293,819795213
PennyLane,0.44.1,lightning.qubit,brickwall_1d,8,19,50,2.5926174678849403,0.2827007719301212,0.039979926575692055,0.6481543669712351,0.0706751929825303,0.009994981643923014,819795213
PennyLane,0.44.1,lightning.qubit,brickwall_1d,8,20,50,2.7363178300858824,0.20569769841387528,0.02909004748458331,0.6840794575214706,0.05142442460346882,0.007272511871145827,819795213
PennyLane,0.44.1,lightning.qubit,brickwall_1d,8,21,50,2.7452440436107177,0.18529483717200293,0.026204647176636085,0.6863110109026794,0.04632370929300073,0.006551161794159021,819795213
PennyLane,0.44.1,lightning.qubit,brickwall_1d,8,22,50,2.8306321918602015,0.22254446423609575,0.03147253995537408,0.7076580479650504,0.05563611605902394,0.00786813498884352,819795213
PennyLane,0.44.1,lightning.qubit,brickwall_1d,8,23,50,2.7951838459741776,0.2105869108260795,0.029781486534849518,0.6987959614935444,0.052646727706519875,0.0074453716337123796,819795213
PennyLane,0.44.1,lightning.qubit,brickwall_1d,8,24,50,2.8947695896812426,0.1715793427229449,0.024264983350185006,0.7236923974203107,0.042894835680736224,0.006066245837546252,819795213
PennyLane,0.44.1,lightning.qubit,brickwall_1d,8,25,50,2.901653867670555,0.2047258572854827,0.028952608394158835,0.7254134669176387,0.051181464321370676,0.007238152098539709,819795213
PennyLane,0.44.1,lightning.qubit,brickwall_1d,8,26,50,2.971417669073459,0.1481639103431479,0.020953541146151108,0.7428544172683648,0.03704097758578698,0.005238385286537777,819795213
PennyLane,0.44.1,lightning.qubit,brickwall_1d,8,27,50,3.015141287128005,0.15654031657133843,0.022138143875336455,0.7537853217820013,0.03913507914283461,0.005534535968834114,819795213
PennyLane,0.44.1,lightning.qubit,brickwall_1d,8,28,50,3.0287149317158066,0.15360564723320616,0.021723118957429743,0.7571787329289517,0.03840141180830154,0.005430779739357436,819795213
PennyLane,0.44.1,lightning.qubit,brickwall_1d,8,29,50,2.9938332910774523,0.13070352289015005,0.018484269472119248,0.7484583227693631,0.03267588072253751,0.004621067368029812,819795213
PennyLane,0.44.1,lightning.qubit,brickwall_1d,8,30,50,3.059941168169289,0.14508198107152354,0.020517690528730523,0.7649852920423222,0.036270495267880884,0.005129422632182631,819795213
PennyLane,0.44.1,lightning.qubit,brickwall_1d,10,1,50,0.3829592749188918,0.32447307619492255,0.04588742249797781,0.07659185498377838,0.0648946152389845,0.00917748449959556,1098512859
PennyLane,0.44.1,lightning.qubit,brickwall_1d,10,2,50,0.3337173739598901,0.30166924424838765,0.04266247365669116,0.06674347479197802,0.06033384884967753,0.008532494731338233,1098512859
PennyLane,0.44.1,lightning.qubit,brickwall_1d,10,3,50,0.666169765103065,0.3001297033553031,0.042444749695608346,0.133233953020613,0.06002594067106062,0.008488949939121668,1098512859
PennyLane,0.44.1,lightning.qubit,brickwall_1d,10,4,50,0.5564887523023867,0.30826615803369306,0.043595418151189655,0.11129775046047734,0.061653231606738614,0.00871908363023793,1098512859
PennyLane,0.44.1,lightning.qubit,brickwall_1d,10,5,50,0.9617271814174986,0.272891371128841,0.03859266781049966,0.19234543628349968,0.0545782742257682,0.007718533562099931,1098512859
PennyLane,0.44.1,lightning.qubit,brickwall_1d,10,6,50,0.918426937800342,0.32828916106495104,0.046427098395813916,0.18368538756006839,0.06565783221299021,0.009285419679162783,1098512859
PennyLane,0.44.1,lightning.qubit,brickwall_1d,10,7,50,1.2920601019738311,0.32387050097856385,0.04580220549364537,0.2584120203947662,0.06477410019571278,0.009160441098729075,1098512859
PennyLane,0.44.1,lightning.qubit,brickwall_1d,10,8,50,1.2558901773464857,0.34735830843884513,0.04912388307971915,0.2511780354692971,0.06947166168776903,0.00982477661594383,1098512859
PennyLane,0.44.1,lightning.qubit,brickwall_1d,10,9,50,1.588985190046278,0.38319029037660857,0.05419129056202843,0.3177970380092555,0.07663805807532172,0.010838258112405687,1098512859
PennyLane,0.44.1,lightning.qubit,brickwall_1d,10,10,50,1.7289106202557492,0.3095556551851515,0.04377778058721305,0.34578212405114966,0.06191113103703031,0.008755556117442612,1098512859
PennyLane,0.44.1,lightning.qubit,brickwall_1d,10,11,50,1.9160255246397744,0.329245257397504,0.046562310835857074,0.3832051049279549,0.06584905147950079,0.009312462167171414,1098512859
PennyLane,0.44.1,lightning.qubit,brickwall_1d,10,12,50,1.8903829929944798,0.3715708398512145,0.05254805210999488,0.3780765985988961,0.0743141679702429,0.010509610421998977,1098512859
PennyLane,0.44.1,lightning.qubit,brickwall_1d,10,13,50,2.261347217592656,0.37449211233914786,0.05296118242717716,0.45226944351853127,0.07489842246782959,0.010592236485435433,1098512859
PennyLane,0.44.1,lightning.qubit,brickwall_1d,10,14,50,2.2646771096956417,0.34398368928563794,0.048646639862288184,0.4529354219391284,0.06879673785712759,0.009729327972457636,1098512859
PennyLane,0.44.1,lightning.qubit,brickwall_1d,10,15,50,2.5720227835765286,0.3265922570932571,0.046187119934732485,0.5144045567153057,0.06531845141865145,0.0092374239869465,1098512859
PennyLane,0.44.1,lightning.qubit,brickwall_1d,10,16,50,2.5181426203785957,0.3320682480072844,0.04696154199653741,0.5036285240757192,0.06641364960145688,0.009392308399307481,1098512859
PennyLane,0.44.1,lightning.qubit,brickwall_1d,10,17,50,2.7157020635500317,0.31673499590049753,0.04479309268806703,0.5431404127100063,0.0633469991800995,0.008958618537613405,1098512859
PennyLane,0.44.1,lightning.qubit,brickwall_1d,10,18,50,2.8072871098712517,0.2536987747849432,0.0358784248058304,0.5614574219742504,0.05073975495698864,0.007175684961166081,1098512859
PennyLane,0.44.1,lightning.qubit,brickwall_1d,10,19,50,3.0070824296281917,0.2834675463247831,0.04008836485051318,0.6014164859256382,0.056693509264956615,0.008017672970102635,1098512859
PennyLane,0.44.1,lightning.qubit,brickwall_1d,10,20,50,3.0258994998056084,0.262682948850017,0.0371489788867852,0.6051798999611218,0.05253658977000339,0.007429795777357039,1098512859
PennyLane,0.44.1,lightning.qubit,brickwall_1d,10,21,50,3.1998327574755394,0.25818556645345264,0.03651295296874527,0.6399665514951077,0.05163711329069053,0.0073025905937490546,1098512859
PennyLane,0.44.1,lightning.qubit,brickwall_1d,10,22,50,3.1570089982996734,0.27255363226060014,0.038544904321698985,0.6314017996599347,0.05451072645212003,0.0077089808643397975,1098512859
PennyLane,0.44.1,lightning.qubit,brickwall_1d,10,23,50,3.4334602198028183,0.25256039174019174,0.0357174331317241,0.6866920439605637,0.05051207834803835,0.00714348662634482,1098512859
PennyLane,0.44.1,lightning.qubit,brickwall_1d,10,24,50,3.335625348146,0.34289615074183283,0.04849283868646292,0.6671250696292,0.06857923014836655,0.009698567737292581,1098512859
PennyLane,0.44.1,lightning.qubit,brickwall_1d,10,25,50,3.4890228479258063,0.23471060769963512,0.0331930924641655,0.6978045695851612,0.046942121539927016,0.006638618492833098,1098512859
PennyLane,0.44.1,lightning.qubit,brickwall_1d,10,26,50,3.506874987230754,0.22242123974363626,0.0314551133805288,0.7013749974461508,0.044484247948727254,0.006291022676105761,1098512859
PennyLane,0.44.1,lightning.qubit,brickwall_1d,10,27,50,3.611067450962895,0.1853668712055064,0.02621483432734939,0.722213490192579,0.03707337424110128,0.005242966865469877,1098512859
PennyLane,0.44.1,lightning.qubit,brickwall_1d,10,28,50,3.631785798715265,0.20405281512567094,0.028857425859113366,0.7263571597430531,0.040810563025134194,0.005771485171822674,1098512859
PennyLane,0.44.1,lightning.qubit,brickwall_1d,10,29,50,3.7445832666982826,0.17816274472858024,0.025196016990477382,0.7489166533396563,0.03563254894571605,0.005039203398095476,1098512859
PennyLane,0.44.1,lightning.qubit,brickwall_1d,10,30,50,3.7748821240447072,0.16938933440565324,0.023955269403782634,0.7549764248089414,0.03387786688113064,0.004791053880756526,1098512859
PennyLane,0.44.1,lightning.qubit,brickwall_1d,12,1,50,3.254681327875952e-15,7.916113888047232e-16,1.1195075621766409e-16,5.424468879793254e-16,1.3193523146745387e-16,1.865845936961068e-17,178016526
PennyLane,0.44.1,lightning.qubit,brickwall_1d,12,2,50,0.5352338585736568,0.28441433229773494,0.04022226060687449,0.08920564309560947,0.04740238871628916,0.006703710101145749,178016526
PennyLane,0.44.1,lightning.qubit,brickwall_1d,12,3,50,0.4059884706097152,0.28700480603050155,0.04058860891545947,0.0676647451016192,0.04783413433841692,0.006764768152576578,178016526
PennyLane,0.44.1,lightning.qubit,brickwall_1d,12,4,50,0.839842397469669,0.32269216772170894,0.04563556400636143,0.1399737329116115,0.05378202795361815,0.00760592733439357,178016526
PennyLane,0.44.1,lightning.qubit,brickwall_1d,12,5,50,0.7512646337592886,0.3102231919450695,0.04387218454113891,0.12521077229321478,0.05170386532417825,0.007312030756856486,178016526
PennyLane,0.44.1,lightning.qubit,brickwall_1d,12,6,50,1.165607019787569,0.30783411543807243,0.0435343181013647,0.19426783663126151,0.05130568590634539,0.007255719683560781,178016526
PennyLane,0.44.1,lightning.qubit,brickwall_1d,12,7,50,1.0959368795327837,0.30497750362562315,0.0431303321846046,0.18265614658879728,0.05082958393760386,0.0071883886974341005,178016526
PennyLane,0.44.1,lightning.qubit,brickwall_1d,12,8,50,1.4706572090326053,0.3384024239655213,0.047857329751197025,0.24510953483876757,0.05640040399425355,0.007976221625199505,178016526
PennyLane,0.44.1,lightning.qubit,brickwall_1d,12,9,50,1.4272212756324796,0.3636492482586056,0.051427769883410065,0.23787021260541333,0.060608208043100936,0.008571294980568344,178016526
PennyLane,0.44.1,lightning.qubit,brickwall_1d,12,10,50,1.8542650267349807,0.3349569387906857,0.04737006456487624,0.30904417112249677,0.05582615646511429,0.007895010760812707,178016526
PennyLane,0.44.1,lightning.qubit,brickwall_1d,12,11,50,1.8257945909807172,0.3058142522701464,0.04324866631274281,0.30429909849678616,0.05096904204502441,0.007208111052123802,178016526
PennyLane,0.44.1,lightning.qubit,brickwall_1d,12,12,50,2.140264457614365,0.3465376976422165,0.04900783118791695,0.35671074293572747,0.057756282940369406,0.008167971864652823,178016526
PennyLane,0.44.1,lightning.qubit,brickwall_1d,12,13,50,2.1217307301437858,0.31356594523696146,0.04434492124524501,0.35362178835729763,0.05226099087282691,0.0073908202075408345,178016526
PennyLane,0.44.1,lightning.qubit,brickwall_1d,12,14,50,2.488790033383353,0.37000303478272534,0.05232633099089342,0.4147983388972254,0.061667172463787556,0.008721055165148903,178016526
PennyLane,0.44.1,lightning.qubit,brickwall_1d,12,15,50,2.492471653944965,0.3151374920891343,0.044567171532469765,0.41541194232416084,0.05252291534818904,0.007427861922078293,178016526
PennyLane,0.44.1,lightning.qubit,brickwall_1d,12,16,50,2.6568848437767723,0.3657627910098757,0.05172666996576021,0.44281414062946195,0.06096046516831261,0.008621111660960036,178016526
PennyLane,0.44.1,lightning.qubit,brickwall_1d,12,17,50,2.782414095393753,0.35071773457568056,0.04959897768016948,0.46373568256562564,0.05845295576261342,0.008266496280028245,178016526
PennyLane,0.44.1,lightning.qubit,brickwall_1d,12,18,50,3.0325074977810487,0.31954955571327276,0.04519113155400072,0.5054179162968415,0.05325825928554547,0.007531855259000123,178016526
PennyLane,0.44.1,lightning.qubit,brickwall_1d,12,19,50,3.0386833329115883,0.31893168718171205,0.04510375174829106,0.5064472221519313,0.05315528119695201,0.007517291958048509,178016526
PennyLane,0.44.1,lightning.qubit,brickwall_1d,12,20,50,3.264890882491872,0.39064231296330476,0.05524516570295007,0.544148480415312,0.06510705216055078,0.009207527617158344,178016526
PennyLane,0.44.1,lightning.qubit,brickwall_1d,12,21,50,3.317071581735584,0.363034540947764,0.05134083714182185,0.5528452636225972,0.06050575682462734,0.008556806190303643,178016526
PennyLane,0.44.1,lightning.qubit,brickwall_1d,12,22,50,3.677227793716396,0.3308592154214397,0.04679055896851215,0.6128712989527326,0.05514320257023994,0.007798426494752024,178016526
PennyLane,0.44.1,lightning.qubit,brickwall_1d,12,23,50,3.650973810480226,0.25312201139626445,0.03579685814517543,0.6084956350800376,0.0421870018993774,0.005966143024195904,178016526
PennyLane,0.44.1,lightning.qubit,brickwall_1d,12,24,50,3.8020107591341628,0.3271028476682394,0.04625932834632846,0.6336684598556938,0.054517141278039895,0.007709888057721411,178016526
PennyLane,0.44.1,lightning.qubit,brickwall_1d,12,25,50,3.842895430689077,0.22831045143666134,0.03228797368532504,0.6404825717815128,0.03805174190611022,0.005381328947554172,178016526
PennyLane,0.44.1,lightning.qubit,brickwall_1d,12,26,50,4.058655285749166,0.24897791750189885,0.03521079476625949,0.6764425476248609,0.0414963195836498,0.005868465794376581,178016526
PennyLane,0.44.1,lightning.qubit,brickwall_1d,12,27,50,4.087045859823018,0.2537351566683011,0.035883569981117344,0.6811743099705029,0.04228919277805018,0.005980594996852891,178016526
PennyLane,0.44.1,lightning.qubit,brickwall_1d,12,28,50,4.187661767455987,0.23290170925045134,0.03293727559218636,0.6979436279093314,0.038816951541741904,0.005489545932031062,178016526
PennyLane,0.44.1,lightning.qubit,brickwall_1d,12,29,50,4.130334507894724,0.286657225014688,0.04053945353680078,0.6883890846491206,0.04777620416911467,0.006756575589466797,178016526
PennyLane,0.44.1,lightning.qubit,brickwall_1d,12,30,50,4.36694621991755,0.2637233976116562,0.03729612056175165,0.7278243699862584,0.0439538996019427,0.006216020093625275,178016526
PennyLane,0.44.1,lightning.qubit,brickwall_1d,14,1,50,0.32371954906232026,0.3094044260799493,0.0437563935620528,0.046245649866045756,0.04420063229713561,0.006250913366007543,1431901648
PennyLane,0.44.1,lightning.qubit,brickwall_1d,14,2,50,0.31220827322623174,0.290080591662803,0.04102359069107477,0.04460118188946167,0.04144008452325757,0.005860512955867825,1431901648
PennyLane,0.44.1,lightning.qubit,brickwall_1d,14,3,50,0.677050423551194,0.275094537498748,0.038904242586548336,0.09672148907874199,0.03929921964267829,0.0055577489409354775,1431901648
PennyLane,0.44.1,lightning.qubit,brickwall_1d,14,4,50,0.5946607833838207,0.31473640939254044,0.044510449873554146,0.08495154048340295,0.04496234419893434,0.00635863569622202,1431901648
PennyLane,0.44.1,lightning.qubit,brickwall_1d,14,5,50,0.9998769148151259,0.34646397175978155,0.04899740477363321,0.1428395592593037,0.049494853108540224,0.006999629253376173,1431901648
PennyLane,0.44.1,lightning.qubit,brickwall_1d,14,6,50,0.9356408058454296,0.3559566956066483,0.050339878654443344,0.1336629722636328,0.05085095651523547,0.00719141123634905,1431901648
PennyLane,0.44.1,lightning.qubit,brickwall_1d,14,7,50,1.286836628123097,0.32195967734138087,0.045531974223344644,0.18383380401758528,0.04599423962019727,0.006504567746192093,1431901648
PennyLane,0.44.1,lightning.qubit,brickwall_1d,14,8,50,1.3224380364854051,0.2953420044544141,0.04176766682378875,0.18891971949791497,0.04219171492205916,0.005966809546255536,1431901648
PennyLane,0.44.1,lightning.qubit,brickwall_1d,14,9,50,1.6984129439756586,0.42153336612854053,0.05961382033717654,0.24263042056795123,0.06021905230407722,0.008516260048168078,1431901648
PennyLane,0.44.1,lightning.qubit,brickwall_1d,14,10,50,1.7283349772159866,0.3648178129010095,0.05159302987998979,0.2469049967451409,0.052116830414429924,0.007370432839998541,1431901648
PennyLane,0.44.1,lightning.qubit,brickwall_1d,14,11,50,1.9690834129209314,0.3614154812168162,0.05111186751884201,0.2812976304172759,0.051630783030973744,0.007301695359834572,1431901648
PennyLane,0.44.1,lightning.qubit,brickwall_1d,14,12,50,1.9526232072752308,0.37629630355655513,0.053216333596054335,0.2789461724678901,0.05375661479379359,0.007602333370864905,1431901648
PennyLane,0.44.1,lightning.qubit,brickwall_1d,14,13,50,2.3362698680317546,0.3497566236074153,0.04946305606354285,0.3337528382902507,0.04996523194391647,0.007066150866220407,1431901648
PennyLane,0.44.1,lightning.qubit,brickwall_1d,14,14,50,2.334048413920178,0.3426733289834689,0.04846132693119591,0.3334354877028825,0.04895333271192413,0.0069230467044565595,1431901648
PennyLane,0.44.1,lightning.qubit,brickwall_1d,14,15,50,2.5736828576458093,0.4209076982887838,0.059525337542724086,0.3676689796636871,0.06012967118411198,0.008503619648960584,1431901648
PennyLane,0.44.1,lightning.qubit,brickwall_1d,14,16,50,2.6765978668281547,0.30746971117686017,0.043482783556525406,0.38237112383259353,0.043924244453837163,0.0062118262223607714,1431901648
PennyLane,0.44.1,lightning.qubit,brickwall_1d,14,17,50,3.0003929501965545,0.31672174119434815,0.04479121818954685,0.4286275643137936,0.04524596302776402,0.00639874545564955,1431901648
PennyLane,0.44.1,lightning.qubit,brickwall_1d,14,18,50,2.966575340109482,0.4388670663116778,0.06206517572568672,0.42379647715849744,0.06269529518738257,0.008866453675098106,1431901648
PennyLane,0.44.1,lightning.qubit,brickwall_1d,14,19,50,3.253314069148832,0.3220390169290081,0.0455431945354302,0.46475915273554735,0.04600557384700116,0.0065061706479186,1431901648
PennyLane,0.44.1,lightning.qubit,brickwall_1d,14,20,50,3.2170753045105096,0.29678274431349366,0.041971418208644924,0.45958218635864434,0.042397534901927665,0.005995916886949275,1431901648
PennyLane,0.44.1,lightning.qubit,brickwall_1d,14,21,50,3.632202155464326,0.2595825740950678,0.036710519684096374,0.5188860222091894,0.03708322487072397,0.00524435995487091,1431901648
PennyLane,0.44.1,lightning.qubit,brickwall_1d,14,22,50,3.509702405901606,0.4059506381887102,0.05741008981804872,0.5013860579859437,0.05799294831267289,0.00820144140257839,1431901648
PennyLane,0.44.1,lightning.qubit,brickwall_1d,14,23,50,3.8494213807313997,0.3415101278284135,0.04829682544627117,0.5499173401044857,0.04878716111834479,0.006899546492324453,1431901648
PennyLane,0.44.1,lightning.qubit,brickwall_1d,14,24,50,3.761979654951819,0.3099445290631604,0.04383277565844634,0.537425664993117,0.04427778986616577,0.0062618250940637615,1431901648
PennyLane,0.44.1,lightning.qubit,brickwall_1d,14,25,50,4.066646419828074,0.3672318557561458,0.051934427094578156,0.5809494885468678,0.052461693679449396,0.007419203870654021,1431901648
PennyLane,0.44.1,lightning.qubit,brickwall_1d,14,26,50,4.129832378029118,0.3501901425656903,0.04952436490257669,0.5899760540041596,0.05002716322367005,0.00707490927179667,1431901648
PennyLane,0.44.1,lightning.qubit,brickwall_1d,14,27,50,4.362909780426159,0.3360139363078754,0.04751954658729667,0.6232728257751656,0.04800199090112506,0.006788506655328096,1431901648
PennyLane,0.44.1,lightning.qubit,brickwall_1d,14,28,50,4.354890451432173,0.3655811719625724,0.051700985153772056,0.6221272073474533,0.05222588170893892,0.007385855021967438,1431901648
PennyLane,0.44.1,lightning.qubit,brickwall_1d,14,29,50,4.656212244418913,0.27229553286804914,0.03850840355556039,0.6651731777741305,0.03889936183829274,0.0055012005079372005,1431901648
PennyLane,0.44.1,lightning.qubit,brickwall_1d,14,30,50,4.588191204847842,0.29180370852045123,0.04126727621403876,0.6554558864068345,0.041686244074350176,0.005895325173434108,1431901648
PennyLane,0.44.1,lightning.qubit,grid_2d,8,1,50,2.0501929624415472e-16,1.9694148829919952e-16,2.785173237466702e-17,5.125482406103868e-17,4.923537207479988e-17,6.962933093666755e-18,4120418494
PennyLane,0.44.1,lightning.qubit,grid_2d,8,2,50,0.9743452244206935,0.44074542236561587,0.0623308153863312,0.24358630610517337,0.11018635559140397,0.0155827038465828,4120418494
PennyLane,0.44.1,lightning.qubit,grid_2d,8,3,50,1.805292553854842,0.43930449858672355,0.06212703799128566,0.4513231384637105,0.10982612464668089,0.015531759497821415,4120418494
PennyLane,0.44.1,lightning.qubit,grid_2d,8,4,50,1.81499174320824,0.4205801707060178,0.059479018147764184,0.45374793580206,0.10514504267650444,0.014869754536941046,4120418494
PennyLane,0.44.1,lightning.qubit,grid_2d,8,5,50,2.2636443964128783,0.43541392943751994,0.06157682842567025,0.5659110991032196,0.10885348235937999,0.015394207106417562,4120418494
PennyLane,0.44.1,lightning.qubit,grid_2d,8,6,50,2.5879358353603292,0.36895836397903403,0.05217859222901387,0.6469839588400823,0.09223959099475851,0.013044648057253468,4120418494
PennyLane,0.44.1,lightning.qubit,grid_2d,8,7,50,2.4799575538042617,0.359898459254447,0.05089732821548197,0.6199893884510654,0.08997461481361176,0.012724332053870493,4120418494
PennyLane,0.44.1,lightning.qubit,grid_2d,8,8,50,2.673197858372683,0.30488489319183665,0.04311723509145679,0.6682994645931708,0.07622122329795916,0.010779308772864198,4120418494
PennyLane,0.44.1,lightning.qubit,grid_2d,8,9,50,2.850687614682243,0.2043471673688664,0.028899053552557563,0.7126719036705608,0.0510867918422166,0.007224763388139391,4120418494
PennyLane,0.44.1,lightning.qubit,grid_2d,8,10,50,2.8833520691277323,0.26478373562868124,0.03744607500218931,0.7208380172819331,0.06619593390717031,0.009361518750547327,4120418494
PennyLane,0.44.1,lightning.qubit,grid_2d,8,11,50,3.0046935080483883,0.15292214079869687,0.02162645655046451,0.7511733770120971,0.03823053519967422,0.005406614137616127,4120418494
PennyLane,0.44.1,lightning.qubit,grid_2d,8,12,50,3.0646621106909127,0.17092428755004155,0.02417234455922275,0.7661655276727282,0.04273107188751039,0.0060430861398056875,4120418494
PennyLane,0.44.1,lightning.qubit,grid_2d,8,13,50,3.0561342336985797,0.13982172813782487,0.019773778424695573,0.7640335584246449,0.03495543203445622,0.004943444606173893,4120418494
PennyLane,0.44.1,lightning.qubit,grid_2d,8,14,50,3.1135723907109667,0.11104922448841599,0.01570473193625323,0.7783930976777417,0.027762306122103998,0.003926182984063308,4120418494
PennyLane,0.44.1,lightning.qubit,grid_2d,8,15,50,3.1383373031236292,0.12434360544260036,0.017584841321129443,0.7845843257809073,0.03108590136065009,0.004396210330282361,4120418494
PennyLane,0.44.1,lightning.qubit,grid_2d,8,16,50,3.1540696462109787,0.10685337098002752,0.01511134864252386,0.7885174115527447,0.02671334274500688,0.003777837160630965,4120418494
PennyLane,0.44.1,lightning.qubit,grid_2d,8,17,50,3.1511960051881016,0.10295286680824657,0.014559734052541315,0.7877990012970254,0.025738216702061643,0.0036399335131353286,4120418494
PennyLane,0.44.1,lightning.qubit,grid_2d,8,18,50,3.207196301951936,0.0899361186784061,0.012718887878219814,0.801799075487984,0.022484029669601526,0.0031797219695549536,4120418494
PennyLane,0.44.1,lightning.qubit,grid_2d,8,19,50,3.186678653568121,0.08703218477323238,0.01230820960692664,0.7966696633920303,0.021758046193308095,0.00307705240173166,4120418494
PennyLane,0.44.1,lightning.qubit,grid_2d,8,20,50,3.192261774580935,0.08881657785401582,0.012560560896471505,0.7980654436452338,0.022204144463503956,0.003140140224117876,4120418494
PennyLane,0.44.1,lightning.qubit,grid_2d,8,21,50,3.2037816792194844,0.0813993216419543,0.011511602463402156,0.8009454198048711,0.020349830410488576,0.002877900615850539,4120418494
PennyLane,0.44.1,lightning.qubit,grid_2d,8,22,50,3.2212628484764423,0.06028422161322726,0.008525476380253125,0.8053157121191106,0.015071055403306815,0.002131369095063281,4120418494
PennyLane,0.44.1,lightning.qubit,grid_2d,8,23,50,3.22689901705354,0.0785723056074537,0.01111180202169846,0.806724754263385,0.019643076401863423,0.002777950505424615,4120418494
PennyLane,0.44.1,lightning.qubit,grid_2d,8,24,50,3.241352696653583,0.0528597453336732,0.007475496875446856,0.8103381741633957,0.0132149363334183,0.001868874218861714,4120418494
PennyLane,0.44.1,lightning.qubit,grid_2d,8,25,50,3.2414290467338662,0.06628139200761156,0.009373604351013193,0.8103572616834666,0.01657034800190289,0.0023434010877532983,4120418494
PennyLane,0.44.1,lightning.qubit,grid_2d,8,26,50,3.2305798626315703,0.06184287601442943,0.008745903399576387,0.8076449656578926,0.015460719003607357,0.0021864758498940967,4120418494
PennyLane,0.44.1,lightning.qubit,grid_2d,8,27,50,3.241520828624524,0.06136176385778321,0.008677863865881222,0.810380207156131,0.015340440964445803,0.0021694659664703055,4120418494
PennyLane,0.44.1,lightning.qubit,grid_2d,8,28,50,3.2479196281978586,0.058346546295470085,0.008251447708868346,0.8119799070494647,0.014586636573867521,0.0020628619272170866,4120418494
PennyLane,0.44.1,lightning.qubit,grid_2d,8,29,50,3.255199197754921,0.06334175745128873,0.008957877245215956,0.8137997994387303,0.015835439362822182,0.002239469311303989,4120418494
PennyLane,0.44.1,lightning.qubit,grid_2d,8,30,50,3.2488534251333614,0.06817941662613664,0.00964202556673681,0.8122133562833403,0.01704485415653416,0.0024105063916842026,4120418494
PennyLane,0.44.1,lightning.qubit,grid_2d,10,1,50,0.24631897037943312,0.28900026315917016,0.04087080916890919,0.04926379407588663,0.05780005263183403,0.008174161833781838,862381074
PennyLane,0.44.1,lightning.qubit,grid_2d,10,2,50,0.7057195268953703,0.409356465077352,0.05789174647574995,0.14114390537907406,0.08187129301547041,0.011578349295149991,862381074
PennyLane,0.44.1,lightning.qubit,grid_2d,10,3,50,2.099314555683548,0.5485551281942193,0.07757741020015767,0.4198629111367097,0.10971102563884386,0.015515482040031532,862381074
PennyLane,0.44.1,lightning.qubit,grid_2d,10,4,50,2.4713393089053595,0.5463098026709309,0.07725987321945997,0.4942678617810719,0.10926196053418617,0.015451974643891994,862381074
PennyLane,0.44.1,lightning.qubit,grid_2d,10,5,50,2.547307765164771,0.5350941712059787,0.0756737434066286,0.5094615530329542,0.10701883424119572,0.015134748681325716,862381074
PennyLane,0.44.1,lightning.qubit,grid_2d,10,6,50,3.26067113509856,0.40556182799096535,0.05735510375256475,0.652134227019712,0.08111236559819307,0.01147102075051295,862381074
PennyLane,0.44.1,lightning.qubit,grid_2d,10,7,50,3.309938559461839,0.4449292801210016,0.06292250222440184,0.6619877118923678,0.08898585602420032,0.012584500444880367,862381074
PennyLane,0.44.1,lightning.qubit,grid_2d,10,8,50,3.3467264002190653,0.3442329606868148,0.04868189216191379,0.6693452800438129,0.06884659213736297,0.009736378432382758,862381074
PennyLane,0.44.1,lightning.qubit,grid_2d,10,9,50,3.7129296192633894,0.2209316852645238,0.03124445856590336,0.7425859238526776,0.04418633705290475,0.006248891713180671,862381074
PennyLane,0.44.1,lightning.qubit,grid_2d,10,10,50,3.7608681146134195,0.2291026270741608,0.032400004238358364,0.7521736229226839,0.045820525414832156,0.006480000847671672,862381074
PennyLane,0.44.1,lightning.qubit,grid_2d,10,11,50,3.7459930643788213,0.2178281420812079,0.03080555127977777,0.7491986128757644,0.043565628416241585,0.0061611102559555545,862381074
PennyLane,0.44.1,lightning.qubit,grid_2d,10,12,50,3.9426403175101705,0.15632315996778087,0.022107433293945458,0.788528063502034,0.03126463199355618,0.004421486658789093,862381074
PennyLane,0.44.1,lightning.qubit,grid_2d,10,13,50,3.9351548321687346,0.16926728524041884,0.023938009045307553,0.7870309664337468,0.03385345704808376,0.0047876018090615095,862381074
PennyLane,0.44.1,lightning.qubit,grid_2d,10,14,50,3.9968359076339386,0.13322128896985683,0.01884033536579967,0.7993671815267878,0.02664425779397137,0.003768067073159935,862381074
PennyLane,0.44.1,lightning.qubit,grid_2d,10,15,50,4.120470780883093,0.0824679993351347,0.011662736312152287,0.8240941561766186,0.01649359986702694,0.0023325472624304575,862381074
PennyLane,0.44.1,lightning.qubit,grid_2d,10,16,50,4.1078991957226325,0.09018718319553584,0.012754393762735367,0.8215798391445266,0.01803743663910717,0.0025508787525470736,862381074
PennyLane,0.44.1,lightning.qubit,grid_2d,10,17,50,4.120417509730825,0.08135131620077328,0.011504813468803566,0.8240835019461652,0.016270263240154657,0.002300962693760713,862381074
PennyLane,0.44.1,lightning.qubit,grid_2d,10,18,50,4.180765651181685,0.060733169312838384,0.00858896717281175,0.8361531302363371,0.012146633862567677,0.00171779343456235,862381074
PennyLane,0.44.1,lightning.qubit,grid_2d,10,19,50,4.172632696367139,0.05655100044861158,0.007997519180019348,0.8345265392734277,0.011310200089722312,0.001599503836003869,862381074
PennyLane,0.44.1,lightning.qubit,grid_2d,10,20,50,4.199953591892895,0.0433071760359981,0.006124559569818761,0.8399907183785791,0.008661435207199617,0.0012249119139637517,862381074
PennyLane,0.44.1,lightning.qubit,grid_2d,10,21,50,4.21944095435373,0.04400348629852487,0.006223032711507254,0.843888190870746,0.008800697259704972,0.0012446065423014504,862381074
PennyLane,0.44.1,lightning.qubit,grid_2d,10,22,50,4.224782972508182,0.04064665071044213,0.005748304469974925,0.8449565945016363,0.008129330142088427,0.0011496608939949853,862381074
PennyLane,0.44.1,lightning.qubit,grid_2d,10,23,50,4.224397942125605,0.05581209192652757,0.007893021734690921,0.8448795884251209,0.011162418385305515,0.0015786043469381843,862381074
PennyLane,0.44.1,lightning.qubit,grid_2d,10,24,50,4.2349392517909505,0.03886607411185885,0.005496492912518863,0.8469878503581901,0.007773214822371768,0.0010992985825037723,862381074
PennyLane,0.44.1,lightning.qubit,grid_2d,10,25,50,4.241269406906785,0.030195863849075397,0.004270340018293388,0.848253881381357,0.00603917276981508,0.0008540680036586776,862381074
PennyLane,0.44.1,lightning.qubit,grid_2d,10,26,50,4.245014714890824,0.03179329830485439,0.0044962513655298604,0.8490029429781647,0.006358659660970876,0.000899250273105972,862381074
PennyLane,0.44.1,lightning.qubit,grid_2d,10,27,50,4.248491888914508,0.03473457722828096,0.00491221101995306,0.8496983777829016,0.006946915445656202,0.0009824422039906133,862381074
PennyLane,0.44.1,lightning.qubit,grid_2d,10,28,50,4.256217001687476,0.04163767296612912,0.005888456181435538,0.8512434003374953,0.008327534593225825,0.0011776912362871077,862381074
PennyLane,0.44.1,lightning.qubit,grid_2d,10,29,50,4.248730166866912,0.03401763679689975,0.004810820331805768,0.8497460333733824,0.006803527359379952,0.0009621640663611538,862381074
PennyLane,0.44.1,lightning.qubit,grid_2d,10,30,50,4.2539920133546625,0.02994767894849808,0.004235241373056121,0.8507984026709327,0.005989535789699609,0.0008470482746112233,862381074
PennyLane,0.44.1,lightning.qubit,grid_2d,12,1,50,3.5173623011887747e-15,9.152418334717768e-16,1.2943474137470044e-16,5.862270501981292e-16,1.5254030557862945e-16,2.1572456895783406e-17,778117620
PennyLane,0.44.1,lightning.qubit,grid_2d,12,2,50,0.8579893393680156,0.32788626034176277,0.04637011962911164,0.14299822322800262,0.05464771005696046,0.0077283532715186065,778117620
PennyLane,0.44.1,lightning.qubit,grid_2d,12,3,50,1.5245505786171318,0.4690499067634641,0.06633367395747267,0.2540917631028553,0.07817498446057734,0.011055612326245443,778117620
PennyLane,0.44.1,lightning.qubit,grid_2d,12,4,50,2.1217315992717842,0.4808083173077532,0.0679965643238411,0.35362193321196406,0.0801347195512922,0.011332760720640185,778117620
PennyLane,0.44.1,lightning.qubit,grid_2d,12,5,50,2.1791941344006496,0.5164201640847148,0.07303283999315428,0.36319902240010826,0.08607002734745246,0.012172139998859046,778117620
PennyLane,0.44.1,lightning.qubit,grid_2d,12,6,50,2.7750300577630163,0.5682806378405144,0.08036701852680886,0.4625050096271693,0.09471343964008573,0.013394503087801475,778117620
PennyLane,0.44.1,lightning.qubit,grid_2d,12,7,50,3.3015136297864784,0.450976682666134,0.06377773409404741,0.5502522716310799,0.07516278044435566,0.010629622349007902,778117620
PennyLane,0.44.1,lightning.qubit,grid_2d,12,8,50,3.661001031829555,0.4471309446085381,0.06323386460220877,0.6101668386382593,0.07452182410142301,0.01053897743370146,778117620
PennyLane,0.44.1,lightning.qubit,grid_2d,12,9,50,3.6412379368230487,0.44239712135805426,0.06256440089793763,0.606872989470508,0.07373285355967571,0.010427400149656272,778117620
PennyLane,0.44.1,lightning.qubit,grid_2d,12,10,50,4.078127918859428,0.3820854741625344,0.05403504595464109,0.6796879864765714,0.0636809123604224,0.009005840992440183,778117620
PennyLane,0.44.1,lightning.qubit,grid_2d,12,11,50,4.4461255881727215,0.28407783186771146,0.040174672259686135,0.7410209313621202,0.04734630531128525,0.00669577870994769,778117620
PennyLane,0.44.1,lightning.qubit,grid_2d,12,12,50,4.509898471255847,0.2995909438015813,0.0423685575888352,0.7516497452093082,0.0499318239669302,0.007061426264805865,778117620
PennyLane,0.44.1,lightning.qubit,grid_2d,12,13,50,4.515827707941215,0.26167676984646737,0.03700668368748571,0.752637951323536,0.04361279497441123,0.0061677806145809515,778117620
PennyLane,0.44.1,lightning.qubit,grid_2d,12,14,50,4.717818916562087,0.21902039288716588,0.030974161005731374,0.7863031527603481,0.03650339881452764,0.005162360167621894,778117620
PennyLane,0.44.1,lightning.qubit,grid_2d,12,15,50,4.859010002149854,0.14422888490413951,0.020397044511738224,0.809835000358309,0.024038147484023255,0.0033995074186230377,778117620
PennyLane,0.44.1,lightning.qubit,grid_2d,12,16,50,4.952331900088819,0.1479869656636149,0.020928517389592574,0.8253886500148032,0.024664494277269158,0.0034880862315987632,778117620
PennyLane,0.44.1,lightning.qubit,grid_2d,12,17,50,4.919624890643829,0.15618987659936856,0.022088584179220713,0.8199374817739715,0.026031646099894758,0.003681430696536785,778117620
PennyLane,0.44.1,lightning.qubit,grid_2d,12,18,50,5.070279743029798,0.0886520510982588,0.012537293299535023,0.8450466238382996,0.014775341849709796,0.0020895488832558366,778117620
PennyLane,0.44.1,lightning.qubit,grid_2d,12,19,50,5.109051800612413,0.09629323311476584,0.013617919623565587,0.851508633435402,0.016048872185794306,0.0022696532705942644,778117620
PennyLane,0.44.1,lightning.qubit,grid_2d,12,20,50,5.137718132131169,0.06815847355976702,0.009639063769887053,0.8562863553551946,0.011359745593294505,0.001606510628314509,778117620
PennyLane,0.44.1,lightning.qubit,grid_2d,12,21,50,5.111915760799157,0.07625540414342556,0.010784142674387393,0.8519859601331929,0.012709234023904269,0.0017973571123979,778117620
PennyLane,0.44.1,lightning.qubit,grid_2d,12,22,50,5.165251682042238,0.07147508949673138,0.010108104093810827,0.8608752803403732,0.011912514916121896,0.0016846840156351378,778117620
PennyLane,0.44.1,lightning.qubit,grid_2d,12,23,50,5.202339940165728,0.048022134248469385,0.00679135535482869,0.867056656694288,0.008003689041411565,0.0011318925591381152,778117620
PennyLane,0.44.1,lightning.qubit,grid_2d,12,24,50,5.220611964427305,0.04157745448282473,0.005879940001856077,0.8701019940712176,0.006929575747137454,0.000979990000309346,778117620
PennyLane,0.44.1,lightning.qubit,grid_2d,12,25,50,5.2117251514905805,0.049150178640505415,0.006950884922646317,0.8686208585817633,0.008191696440084236,0.001158480820441053,778117620
PennyLane,0.44.1,lightning.qubit,grid_2d,12,26,50,5.230692349411936,0.0340091214636881,0.004809616081834163,0.8717820582353225,0.005668186910614686,0.0008016026803056943,778117620
PennyLane,0.44.1,lightning.qubit,grid_2d,12,27,50,5.243990442131592,0.02529120785681413,0.003576716915990352,0.8739984070219319,0.00421520130946902,0.0005961194859983917,778117620
PennyLane,0.44.1,lightning.qubit,grid_2d,12,28,50,5.249214202219667,0.021063846052088588,0.0029788776762602657,0.874869033703278,0.003510641008681431,0.0004964796127100442,778117620
PennyLane,0.44.1,lightning.qubit,grid_2d,12,29,50,5.250520879627776,0.022227315743090125,0.003143417137902706,0.8750868132712959,0.0037045526238483535,0.0005239028563171176,778117620
PennyLane,0.44.1,lightning.qubit,grid_2d,12,30,50,5.255164598705614,0.019673483281698486,0.0027822506876098345,0.8758607664509358,0.0032789138802830787,0.00046370844793497206,778117620
PennyLane,0.44.1,lightning.qubit,grid_2d,14,1,50,0.3060325007551183,0.3005082621281736,0.04249828599068322,0.04371892867930261,0.04292975173259623,0.006071183712954746,3398762399
PennyLane,0.44.1,lightning.qubit,grid_2d,14,2,50,0.8566875949727537,0.42559490501942204,0.060188208675535586,0.12238394213896482,0.06079927214563172,0.008598315525076512,3398762399
PennyLane,0.44.1,lightning.qubit,grid_2d,14,3,50,3.2169374401484543,0.6275920586434193,0.08875492009711743,0.45956249144977934,0.08965600837763132,0.012679274299588204,3398762399
PennyLane,0.44.1,lightning.qubit,grid_2d,14,4,50,3.4528552451908645,0.6581385443532038,0.09307484553447876,0.4932650350272663,0.0940197920504577,0.013296406504925537,3398762399
PennyLane,0.44.1,lightning.qubit,grid_2d,14,5,50,3.625746643208871,0.7312048724479561,0.10340798474891885,0.5179638061726959,0.10445783892113658,0.01477256924984555,3398762399
PennyLane,0.44.1,lightning.qubit,grid_2d,14,6,50,4.638754365266937,0.4353319836790582,0.061565239545370694,0.6626791950381339,0.062190283382722596,0.008795034220767241,3398762399
PennyLane,0.44.1,lightning.qubit,grid_2d,14,7,50,4.794454873016991,0.41567850536314405,0.058785817987153564,0.684922124716713,0.05938264362330629,0.008397973998164793,3398762399
PennyLane,0.44.1,lightning.qubit,grid_2d,14,8,50,4.9161186924568065,0.3485532043134638,0.04929286687487009,0.7023026703509724,0.049793314901923395,0.00704183812498144,3398762399
PennyLane,0.44.1,lightning.qubit,grid_2d,14,9,50,5.400049694798103,0.23743972346277892,0.033579047716717915,0.7714356706854434,0.033919960494682704,0.0047970068166739875,3398762399
PennyLane,0.44.1,lightning.qubit,grid_2d,14,10,50,5.482128211388547,0.27585557635093794,0.039011869733174324,0.7831611730555065,0.03940793947870541,0.005573124247596331,3398762399
PennyLane,0.44.1,lightning.qubit,grid_2d,14,11,50,5.44328467942067,0.26469672524731197,0.03743376987604934,0.7776120970600957,0.03781381789247314,0.005347681410864192,3398762399
PennyLane,0.44.1,lightning.qubit,grid_2d,14,12,50,5.791344082533124,0.1702502998554322,0.02407702830536384,0.8273348689333035,0.024321471407918883,0.003439575472194834,3398762399
PennyLane,0.44.1,lightning.qubit,grid_2d,14,13,50,5.808947082599861,0.15473729464114994,0.021883158068643587,0.8298495832285515,0.02210532780587856,0.003126165438377655,3398762399
PennyLane,0.44.1,lightning.qubit,grid_2d,14,14,50,5.8117275217513615,0.14819913652423333,0.020958522880455268,0.8302467888216231,0.021171305217747616,0.002994074697207895,3398762399
PennyLane,0.44.1,lightning.qubit,grid_2d,14,15,50,6.004452537042312,0.12753136192512832,0.01803565816624282,0.8577789338631874,0.018218765989304046,0.002576522595177546,3398762399
PennyLane,0.44.1,lightning.qubit,grid_2d,14,16,50,6.05141425198668,0.08008865058879647,0.011326245585483593,0.8644877502838112,0.0114412357983995,0.0016180350836405139,3398762399
PennyLane,0.44.1,lightning.qubit,grid_2d,14,17,50,6.056599389183479,0.0786985751988707,0.011129659238568184,0.8652284841690685,0.011242653599838668,0.0015899513197954543,3398762399
PennyLane,0.44.1,lightning.qubit,grid_2d,14,18,50,6.132735859145203,0.050637375877147416,0.0071612063728446074,0.8761051227350294,0.007233910839592492,0.0010230294818349445,3398762399
PennyLane,0.44.1,lightning.qubit,grid_2d,14,19,50,6.144085800871446,0.05543448271605711,0.007839619728018488,0.877726542981635,0.007919211816579572,0.0011199456754312105,3398762399
PennyLane,0.44.1,lightning.qubit,grid_2d,14,20,50,6.14811927855285,0.04925024700249524,0.006965036726115363,0.8783027540789783,0.007035749571785038,0.0009950052465879096,3398762399
PennyLane,0.44.1,lightning.qubit,grid_2d,14,21,50,6.202718836659107,0.02829951278493372,0.004002155478900407,0.8861026909513009,0.004042787540704815,0.0005717364969857721,3398762399
PennyLane,0.44.1,lightning.qubit,grid_2d,14,22,50,6.21153336660461,0.027604717618054282,0.0039038966040931882,0.8873619095149443,0.00394353108829347,0.0005576995148704557,3398762399
PennyLane,0.44.1,lightning.qubit,grid_2d,14,23,50,6.213993656059155,0.025786021849791355,0.00364669418196239,0.8877133794370219,0.003683717407113054,0.0005209563117089133,3398762399
PennyLane,0.44.1,lightning.qubit,grid_2d,14,24,50,6.229822922560134,0.025632035039197046,0.003624917158365485,0.889974703222876,0.0036617192913138627,0.0005178453083379262,3398762399
PennyLane,0.44.1,lightning.qubit,grid_2d,14,25,50,6.230416828891704,0.02648060905050714,0.003744923645912692,0.8900595469845289,0.0037829441500724457,0.0005349890922732414,3398762399
PennyLane,0.44.1,lightning.qubit,grid_2d,14,26,50,6.238257751013846,0.02009623232404663,0.0028420364305267324,0.8911796787162639,0.002870890332006667,0.0004060052043609626,3398762399
PennyLane,0.44.1,lightning.qubit,grid_2d,14,27,50,6.2512283549018415,0.017503802635338288,0.002475411507999733,0.8930326221288344,0.0025005432336197547,0.00035363021542853315,3398762399
PennyLane,0.44.1,lightning.qubit,grid_2d,14,28,50,6.254328705010615,0.010982762404259716,0.001553197154442543,0.8934755292872311,0.0015689660577513876,0.0002218853077775061,3398762399
PennyLane,0.44.1,lightning.qubit,grid_2d,14,29,50,6.252298621743139,0.011138965825481786,0.001575287654120676,0.8931855173918771,0.0015912808322116872,0.00022504109344581133,3398762399
PennyLane,0.44.1,lightning.qubit,grid_2d,14,30,50,6.264918768457177,0.00919127745412905,0.0012998429231163354,0.8949883954938822,0.001313039636304142,0.00018569184615947537,3398762399
