framework,framework_version,architecture,observable,n,k,depth,n_params,n_param_sets,n_grad_components,var_pooled,seed,wall_time_s,timestamp
qiskit-statevector,2.5.2,brickwall,pauli_z_first_k,8,2,1,8,20,160,5.70750940e-02,42082231,0.355,2026-08-23T05:08:01.369083+00:00
qiskit-statevector,2.5.2,brickwall,pauli_z_first_k,8,2,2,16,20,320,4.77406978e-02,42082262,1.154,2026-08-23T05:08:02.526053+00:00
qiskit-statevector,2.5.2,brickwall,pauli_z_first_k,8,2,3,24,20,480,4.55128432e-02,42082293,3.233,2026-08-23T05:08:05.763603+00:00
qiskit-statevector,2.5.2,brickwall,pauli_z_first_k,8,2,4,32,20,640,4.66517002e-02,42082324,4.135,2026-08-23T05:08:09.902146+00:00
qiskit-statevector,2.5.2,brickwall,pauli_z_first_k,8,2,5,40,20,800,2.87418142e-02,42082355,5.418,2026-08-23T05:08:15.323543+00:00
qiskit-statevector,2.5.2,brickwall,pauli_z_first_k,8,2,6,48,20,960,3.04431767e-02,42082386,9.587,2026-08-23T05:08:24.913595+00:00
qiskit-statevector,2.5.2,brickwall,pauli_z_first_k,8,2,7,56,20,1120,3.07806638e-02,42082417,11.840,2026-08-23T05:08:36.757030+00:00
qiskit-statevector,2.5.2,brickwall,pauli_z_first_k,8,2,8,64,20,1280,2.75258262e-02,42082448,15.134,2026-08-23T05:08:51.894416+00:00
qiskit-statevector,2.5.2,brickwall,pauli_z_first_k,8,2,9,72,20,1440,2.47697669e-02,42082479,20.671,2026-08-23T05:09:12.571585+00:00
qiskit-statevector,2.5.2,brickwall,pauli_z_first_k,8,2,10,80,20,1600,2.27917699e-02,42082510,23.434,2026-08-23T05:09:36.009464+00:00
qiskit-statevector,2.5.2,brickwall,pauli_z_first_k,8,2,11,88,20,1760,1.59242456e-02,42082541,27.693,2026-08-23T05:10:03.705265+00:00
qiskit-statevector,2.5.2,brickwall,pauli_z_first_k,8,2,12,96,20,1920,2.47897946e-02,42082572,34.234,2026-08-23T05:10:37.942938+00:00
qiskit-statevector,2.5.2,brickwall,pauli_z_first_k,8,2,13,104,20,2080,1.71705637e-02,42082603,38.592,2026-08-23T05:11:16.537926+00:00
qiskit-statevector,2.5.2,brickwall,pauli_z_first_k,8,2,14,112,20,2240,2.11710206e-02,42082634,45.083,2026-08-23T05:12:01.624808+00:00
qiskit-statevector,2.5.2,brickwall,pauli_z_first_k,8,2,15,120,20,2400,1.45202134e-02,42082665,51.185,2026-08-23T05:12:52.813095+00:00
qiskit-statevector,2.5.2,brickwall,pauli_z_first_k,8,2,16,128,20,2560,1.42455219e-02,42082696,58.044,2026-08-23T05:13:50.859944+00:00
qiskit-statevector,2.5.2,brickwall,pauli_z_first_k,8,2,17,136,20,2720,1.12540036e-02,42082727,66.625,2026-08-23T05:14:57.488813+00:00
qiskit-statevector,2.5.2,brickwall,pauli_z_first_k,8,2,18,144,20,2880,1.18789404e-02,42082758,72.496,2026-08-23T05:16:09.988607+00:00
qiskit-statevector,2.5.2,brickwall,pauli_z_first_k,8,2,19,152,20,3040,8.91464200e-03,42082789,82.694,2026-08-23T05:17:32.686024+00:00
qiskit-statevector,2.5.2,brickwall,pauli_z_first_k,8,2,20,160,20,3200,1.14514164e-02,42082820,90.008,2026-08-23T05:19:02.702615+00:00
qiskit-statevector,2.5.2,brickwall,pauli_z_first_k,8,2,21,168,20,3360,7.57240840e-03,42082851,98.238,2026-08-23T05:20:40.943987+00:00
qiskit-statevector,2.5.2,brickwall,pauli_z_first_k,8,2,22,176,20,3520,9.64559787e-03,42082882,108.472,2026-08-23T05:22:29.420437+00:00
qiskit-statevector,2.5.2,brickwall,pauli_z_first_k,8,2,23,184,20,3680,8.13723960e-03,42082913,119.007,2026-08-23T05:24:28.431779+00:00
qiskit-statevector,2.5.2,brickwall,pauli_z_first_k,8,2,24,192,20,3840,8.06028337e-03,42082944,130.030,2026-08-23T05:26:38.465582+00:00
qiskit-statevector,2.5.2,brickwall,pauli_z_first_k,8,2,25,200,20,4000,6.89323482e-03,42082975,139.041,2026-08-23T05:28:57.510147+00:00
qiskit-statevector,2.5.2,brickwall,pauli_z_first_k,8,2,26,208,20,4160,6.87317829e-03,42083006,150.474,2026-08-23T05:31:27.987747+00:00
qiskit-statevector,2.5.2,brickwall,pauli_z_first_k,8,2,27,216,20,4320,5.97254556e-03,42083037,160.335,2026-08-23T05:34:08.326593+00:00
qiskit-statevector,2.5.2,brickwall,pauli_z_first_k,8,2,28,224,20,4480,6.59695871e-03,42083068,175.649,2026-08-23T05:37:03.978915+00:00
qiskit-statevector,2.5.2,brickwall,pauli_z_first_k,8,2,29,232,20,4640,5.03203232e-03,42083099,186.879,2026-08-23T05:40:10.861998+00:00
qiskit-statevector,2.5.2,brickwall,pauli_z_first_k,8,2,30,240,20,4800,5.06066228e-03,42083130,200.751,2026-08-23T05:43:31.617479+00:00
qiskit-statevector,2.5.2,brickwall,pauli_z_first_k,8,3,1,8,20,160,6.09266357e-02,42083240,0.460,2026-08-23T05:43:32.082055+00:00
qiskit-statevector,2.5.2,brickwall,pauli_z_first_k,8,3,2,16,20,320,3.98071911e-02,42083271,1.431,2026-08-23T05:43:33.516074+00:00
qiskit-statevector,2.5.2,brickwall,pauli_z_first_k,8,3,3,24,20,480,4.80209913e-02,42083302,2.087,2026-08-23T05:43:35.614498+00:00
qiskit-statevector,2.5.2,brickwall,pauli_z_first_k,8,3,4,32,20,640,3.11159590e-02,42083333,3.544,2026-08-23T05:43:39.162387+00:00
qiskit-statevector,2.5.2,brickwall,pauli_z_first_k,8,3,5,40,20,800,3.40773445e-02,42083364,6.035,2026-08-23T05:43:45.201081+00:00
qiskit-statevector,2.5.2,brickwall,pauli_z_first_k,8,3,6,48,20,960,2.77605518e-02,42083395,8.661,2026-08-23T05:43:53.865444+00:00
qiskit-statevector,2.5.2,brickwall,pauli_z_first_k,8,3,7,56,20,1120,2.56376014e-02,42083426,12.051,2026-08-23T05:44:05.920774+00:00
qiskit-statevector,2.5.2,brickwall,pauli_z_first_k,8,3,8,64,20,1280,1.78958051e-02,42083457,15.043,2026-08-23T05:44:20.967652+00:00
qiskit-statevector,2.5.2,brickwall,pauli_z_first_k,8,3,9,72,20,1440,2.10636210e-02,42083488,18.446,2026-08-23T05:44:39.418446+00:00
qiskit-statevector,2.5.2,brickwall,pauli_z_first_k,8,3,10,80,20,1600,1.48535941e-02,42083519,23.638,2026-08-23T05:45:03.059674+00:00
qiskit-statevector,2.5.2,brickwall,pauli_z_first_k,8,3,11,88,20,1760,1.59699589e-02,42083550,26.938,2026-08-23T05:45:30.000992+00:00
qiskit-statevector,2.5.2,brickwall,pauli_z_first_k,8,3,12,96,20,1920,1.17977712e-02,42083581,33.813,2026-08-23T05:46:03.817556+00:00
qiskit-statevector,2.5.2,brickwall,pauli_z_first_k,8,3,13,104,20,2080,1.50308292e-02,42083612,37.999,2026-08-23T05:46:41.819974+00:00
qiskit-statevector,2.5.2,brickwall,pauli_z_first_k,8,3,14,112,20,2240,1.27387968e-02,42083643,44.527,2026-08-23T05:47:26.350402+00:00
qiskit-statevector,2.5.2,brickwall,pauli_z_first_k,8,3,15,120,20,2400,1.29087799e-02,42083674,50.700,2026-08-23T05:48:17.054118+00:00
qiskit-statevector,2.5.2,brickwall,pauli_z_first_k,8,3,16,128,20,2560,8.01824890e-03,42083705,57.587,2026-08-23T05:49:14.644241+00:00
qiskit-statevector,2.5.2,brickwall,pauli_z_first_k,8,3,17,136,20,2720,1.01573305e-02,42083736,65.518,2026-08-23T05:50:20.171934+00:00
qiskit-statevector,2.5.2,brickwall,pauli_z_first_k,8,3,18,144,20,2880,8.28970073e-03,42083767,71.754,2026-08-23T05:51:31.937176+00:00
qiskit-statevector,2.5.2,brickwall,pauli_z_first_k,8,3,19,152,20,3040,8.48440987e-03,42083798,81.911,2026-08-23T05:52:53.852502+00:00
qiskit-statevector,2.5.2,brickwall,pauli_z_first_k,8,3,20,160,20,3200,8.94868425e-03,42083829,89.039,2026-08-23T05:54:22.895469+00:00
qiskit-statevector,2.5.2,brickwall,pauli_z_first_k,8,3,21,168,20,3360,8.34423167e-03,42083860,98.015,2026-08-23T05:56:00.913936+00:00
qiskit-statevector,2.5.2,brickwall,pauli_z_first_k,8,3,22,176,20,3520,7.50808354e-03,42083891,107.472,2026-08-23T05:57:48.390488+00:00
qiskit-statevector,2.5.2,brickwall,pauli_z_first_k,8,3,23,184,20,3680,6.30172448e-03,42083922,118.296,2026-08-23T05:59:46.691039+00:00
qiskit-statevector,2.5.2,brickwall,pauli_z_first_k,8,3,24,192,20,3840,6.10893113e-03,42083953,128.632,2026-08-23T06:01:55.327323+00:00
qiskit-statevector,2.5.2,brickwall,pauli_z_first_k,8,3,25,200,20,4000,6.50283926e-03,42083984,138.942,2026-08-23T06:04:14.273048+00:00
qiskit-statevector,2.5.2,brickwall,pauli_z_first_k,8,3,26,208,20,4160,4.88661194e-03,42084015,150.360,2026-08-23T06:06:44.637513+00:00
qiskit-statevector,2.5.2,brickwall,pauli_z_first_k,8,3,27,216,20,4320,5.21278680e-03,42084046,161.088,2026-08-23T06:09:25.729375+00:00
qiskit-statevector,2.5.2,brickwall,pauli_z_first_k,8,3,28,224,20,4480,5.34191189e-03,42084077,174.705,2026-08-23T06:12:20.438148+00:00
qiskit-statevector,2.5.2,brickwall,pauli_z_first_k,8,3,29,232,20,4640,5.92769344e-03,42084108,194.375,2026-08-23T06:15:34.816682+00:00
qiskit-statevector,2.5.2,brickwall,pauli_z_first_k,8,3,30,240,20,4800,4.67095895e-03,42084139,198.962,2026-08-23T06:18:53.783414+00:00
qiskit-statevector,2.5.2,brickwall,pauli_z_first_k,8,4,1,8,20,160,5.79067092e-02,42084249,0.309,2026-08-23T06:18:54.097227+00:00
qiskit-statevector,2.5.2,brickwall,pauli_z_first_k,8,4,2,16,20,320,4.27447906e-02,42084280,0.997,2026-08-23T06:18:55.097898+00:00
qiskit-statevector,2.5.2,brickwall,pauli_z_first_k,8,4,3,24,20,480,2.51637116e-02,42084311,2.092,2026-08-23T06:18:57.193737+00:00
qiskit-statevector,2.5.2,brickwall,pauli_z_first_k,8,4,4,32,20,640,2.60636612e-02,42084342,3.533,2026-08-23T06:19:00.730090+00:00
qiskit-statevector,2.5.2,brickwall,pauli_z_first_k,8,4,5,40,20,800,2.24364404e-02,42084373,7.232,2026-08-23T06:19:07.965879+00:00
qiskit-statevector,2.5.2,brickwall,pauli_z_first_k,8,4,6,48,20,960,2.05679991e-02,42084404,7.568,2026-08-23T06:19:15.536954+00:00
qiskit-statevector,2.5.2,brickwall,pauli_z_first_k,8,4,7,56,20,1120,2.00815818e-02,42084435,12.098,2026-08-23T06:19:27.638445+00:00
qiskit-statevector,2.5.2,brickwall,pauli_z_first_k,8,4,8,64,20,1280,1.73627169e-02,42084466,14.997,2026-08-23T06:19:42.638645+00:00
qiskit-statevector,2.5.2,brickwall,pauli_z_first_k,8,4,9,72,20,1440,1.47605391e-02,42084497,18.418,2026-08-23T06:20:01.060713+00:00
qiskit-statevector,2.5.2,brickwall,pauli_z_first_k,8,4,10,80,20,1600,1.47826375e-02,42084528,24.117,2026-08-23T06:20:25.181612+00:00
qiskit-statevector,2.5.2,brickwall,pauli_z_first_k,8,4,11,88,20,1760,1.21962003e-02,42084559,28.146,2026-08-23T06:20:53.330828+00:00
qiskit-statevector,2.5.2,brickwall,pauli_z_first_k,8,4,12,96,20,1920,1.08840209e-02,42084590,32.715,2026-08-23T06:21:26.049900+00:00
qiskit-statevector,2.5.2,brickwall,pauli_z_first_k,8,4,13,104,20,2080,9.14162023e-03,42084621,37.699,2026-08-23T06:22:03.752815+00:00
qiskit-statevector,2.5.2,brickwall,pauli_z_first_k,8,4,14,112,20,2240,8.77526741e-03,42084652,50.882,2026-08-23T06:22:54.639864+00:00
qiskit-statevector,2.5.2,brickwall,pauli_z_first_k,8,4,15,120,20,2400,8.37274743e-03,42084683,50.288,2026-08-23T06:23:44.931226+00:00
qiskit-statevector,2.5.2,brickwall,pauli_z_first_k,8,4,16,128,20,2560,9.23952043e-03,42084714,58.596,2026-08-23T06:24:43.530552+00:00
qiskit-statevector,2.5.2,brickwall,pauli_z_first_k,8,4,17,136,20,2720,7.46166857e-03,42084745,71.142,2026-08-23T06:25:54.675674+00:00
qiskit-statevector,2.5.2,brickwall,pauli_z_first_k,8,4,18,144,20,2880,7.85150421e-03,42084776,72.069,2026-08-23T06:27:06.747695+00:00
qiskit-statevector,2.5.2,brickwall,pauli_z_first_k,8,4,19,152,20,3040,6.79294560e-03,42084807,82.681,2026-08-23T06:28:29.432791+00:00
qiskit-statevector,2.5.2,brickwall,pauli_z_first_k,8,4,20,160,20,3200,5.83693007e-03,42084838,89.955,2026-08-23T06:29:59.392069+00:00
qiskit-statevector,2.5.2,brickwall,pauli_z_first_k,8,4,21,168,20,3360,5.33713785e-03,42084869,97.744,2026-08-23T06:31:37.139500+00:00
qiskit-statevector,2.5.2,brickwall,pauli_z_first_k,8,4,22,176,20,3520,5.95036316e-03,42084900,107.982,2026-08-23T06:33:25.125132+00:00
qiskit-statevector,2.5.2,brickwall,pauli_z_first_k,8,4,23,184,20,3680,5.57646225e-03,42084931,118.904,2026-08-23T06:35:24.033016+00:00
qiskit-statevector,2.5.2,brickwall,pauli_z_first_k,8,4,24,192,20,3840,5.59836039e-03,42084962,137.652,2026-08-23T06:37:41.689609+00:00
qiskit-statevector,2.5.2,brickwall,pauli_z_first_k,8,4,25,200,20,4000,4.91868631e-03,42084993,140.497,2026-08-23T06:40:02.190087+00:00
qiskit-statevector,2.5.2,brickwall,pauli_z_first_k,8,4,26,208,20,4160,5.09522796e-03,42085024,150.145,2026-08-23T06:42:32.341392+00:00
qiskit-statevector,2.5.2,brickwall,pauli_z_first_k,8,4,27,216,20,4320,4.55981197e-03,42085055,167.124,2026-08-23T06:45:19.469253+00:00
qiskit-statevector,2.5.2,brickwall,pauli_z_first_k,8,4,28,224,20,4480,4.61330463e-03,42085086,172.896,2026-08-23T06:48:12.373400+00:00
qiskit-statevector,2.5.2,brickwall,pauli_z_first_k,8,4,29,232,20,4640,4.93066925e-03,42085117,184.726,2026-08-23T06:51:17.104018+00:00
qiskit-statevector,2.5.2,brickwall,pauli_z_first_k,8,4,30,240,20,4800,4.47067362e-03,42085148,203.444,2026-08-23T06:54:40.551723+00:00
qiskit-statevector,2.5.2,brickwall,pauli_z_first_k,8,5,1,8,20,160,3.76955357e-02,42085258,0.456,2026-08-23T06:54:41.013355+00:00
qiskit-statevector,2.5.2,brickwall,pauli_z_first_k,8,5,2,16,20,320,2.03925114e-02,42085289,0.997,2026-08-23T06:54:42.013993+00:00
qiskit-statevector,2.5.2,brickwall,pauli_z_first_k,8,5,3,24,20,480,2.61405081e-02,42085320,2.072,2026-08-23T06:54:44.089373+00:00
qiskit-statevector,2.5.2,brickwall,pauli_z_first_k,8,5,4,32,20,640,1.71565207e-02,42085351,3.503,2026-08-23T06:54:47.595292+00:00
qiskit-statevector,2.5.2,brickwall,pauli_z_first_k,8,5,5,40,20,800,1.43179925e-02,42085382,6.527,2026-08-23T06:54:54.125998+00:00
qiskit-statevector,2.5.2,brickwall,pauli_z_first_k,8,5,6,48,20,960,1.45976751e-02,42085413,8.659,2026-08-23T06:55:02.787805+00:00
qiskit-statevector,2.5.2,brickwall,pauli_z_first_k,8,5,7,56,20,1120,1.86188747e-02,42085444,12.013,2026-08-23T06:55:14.804032+00:00
qiskit-statevector,2.5.2,brickwall,pauli_z_first_k,8,5,8,64,20,1280,8.82741271e-03,42085475,14.943,2026-08-23T06:55:29.750592+00:00
qiskit-statevector,2.5.2,brickwall,pauli_z_first_k,8,5,9,72,20,1440,1.29982176e-02,42085506,18.311,2026-08-23T06:55:48.064971+00:00
qiskit-statevector,2.5.2,brickwall,pauli_z_first_k,8,5,10,80,20,1600,8.91739668e-03,42085537,23.954,2026-08-23T06:56:12.022690+00:00
qiskit-statevector,2.5.2,brickwall,pauli_z_first_k,8,5,11,88,20,1760,9.62727867e-03,42085568,27.108,2026-08-23T06:56:39.134622+00:00
qiskit-statevector,2.5.2,brickwall,pauli_z_first_k,8,5,12,96,20,1920,7.87283997e-03,42085599,33.486,2026-08-23T06:57:12.623821+00:00
qiskit-statevector,2.5.2,brickwall,pauli_z_first_k,8,5,13,104,20,2080,7.52540444e-03,42085630,37.606,2026-08-23T06:57:50.233131+00:00
qiskit-statevector,2.5.2,brickwall,pauli_z_first_k,8,5,14,112,20,2240,5.67592268e-03,42085661,44.357,2026-08-23T06:58:34.593682+00:00
qiskit-statevector,2.5.2,brickwall,pauli_z_first_k,8,5,15,120,20,2400,6.46280815e-03,42085692,51.095,2026-08-23T06:59:25.692792+00:00
qiskit-statevector,2.5.2,brickwall,pauli_z_first_k,8,5,16,128,20,2560,5.68842184e-03,42085723,63.455,2026-08-23T07:00:29.150413+00:00
qiskit-statevector,2.5.2,brickwall,pauli_z_first_k,8,5,17,136,20,2720,6.35584409e-03,42085754,64.059,2026-08-23T07:01:33.213252+00:00
qiskit-statevector,2.5.2,brickwall,pauli_z_first_k,8,5,18,144,20,2880,4.91672162e-03,42085785,72.614,2026-08-23T07:02:45.830953+00:00
qiskit-statevector,2.5.2,brickwall,pauli_z_first_k,8,5,19,152,20,3040,6.09620561e-03,42085816,79.889,2026-08-23T07:04:05.723339+00:00
qiskit-statevector,2.5.2,brickwall,pauli_z_first_k,8,5,20,160,20,3200,5.07023091e-03,42085847,92.724,2026-08-23T07:05:38.451756+00:00
qiskit-statevector,2.5.2,brickwall,pauli_z_first_k,8,5,21,168,20,3360,5.43225824e-03,42085878,100.751,2026-08-23T07:07:19.206454+00:00
qiskit-statevector,2.5.2,brickwall,pauli_z_first_k,8,5,22,176,20,3520,5.29423515e-03,42085909,107.392,2026-08-23T07:09:06.602048+00:00
qiskit-statevector,2.5.2,brickwall,pauli_z_first_k,8,5,23,184,20,3680,4.82409331e-03,42085940,117.864,2026-08-23T07:11:04.470420+00:00
qiskit-statevector,2.5.2,brickwall,pauli_z_first_k,8,5,24,192,20,3840,4.41439721e-03,42085971,126.661,2026-08-23T07:13:11.135583+00:00
qiskit-statevector,2.5.2,brickwall,pauli_z_first_k,8,5,25,200,20,4000,4.35820656e-03,42086002,145.216,2026-08-23T07:15:36.355578+00:00
qiskit-statevector,2.5.2,brickwall,pauli_z_first_k,8,5,26,208,20,4160,4.58306406e-03,42086033,153.781,2026-08-23T07:18:10.139233+00:00
qiskit-statevector,2.5.2,brickwall,pauli_z_first_k,8,5,27,216,20,4320,4.06157986e-03,42086064,160.135,2026-08-23T07:20:50.277550+00:00
qiskit-statevector,2.5.2,brickwall,pauli_z_first_k,8,5,28,224,20,4480,3.79453381e-03,42086095,174.427,2026-08-23T07:23:44.708188+00:00
qiskit-statevector,2.5.2,brickwall,pauli_z_first_k,8,5,29,232,20,4640,4.35376553e-03,42086126,185.058,2026-08-23T07:26:49.771052+00:00
qiskit-statevector,2.5.2,brickwall,pauli_z_first_k,8,5,30,240,20,4800,4.03049604e-03,42086157,198.327,2026-08-23T07:30:08.101405+00:00
qiskit-statevector,2.5.2,brickwall,pauli_z_first_k,8,6,1,8,20,160,3.97713222e-02,42086267,0.322,2026-08-23T07:30:08.427472+00:00
qiskit-statevector,2.5.2,brickwall,pauli_z_first_k,8,6,2,16,20,320,2.35876201e-02,42086298,0.994,2026-08-23T07:30:09.424869+00:00
qiskit-statevector,2.5.2,brickwall,pauli_z_first_k,8,6,3,24,20,480,1.93109246e-02,42086329,3.080,2026-08-23T07:30:12.517233+00:00
qiskit-statevector,2.5.2,brickwall,pauli_z_first_k,8,6,4,32,20,640,1.00118757e-02,42086360,4.368,2026-08-23T07:30:16.889542+00:00
qiskit-statevector,2.5.2,brickwall,pauli_z_first_k,8,6,5,40,20,800,1.12409935e-02,42086391,5.359,2026-08-23T07:30:22.251417+00:00
qiskit-statevector,2.5.2,brickwall,pauli_z_first_k,8,6,6,48,20,960,1.22525167e-02,42086422,9.392,2026-08-23T07:30:31.648289+00:00
qiskit-statevector,2.5.2,brickwall,pauli_z_first_k,8,6,7,56,20,1120,7.00147129e-03,42086453,11.102,2026-08-23T07:30:42.753988+00:00
qiskit-statevector,2.5.2,brickwall,pauli_z_first_k,8,6,8,64,20,1280,8.76691465e-03,42086484,14.738,2026-08-23T07:30:57.495260+00:00
qiskit-statevector,2.5.2,brickwall,pauli_z_first_k,8,6,9,72,20,1440,6.97928186e-03,42086515,19.235,2026-08-23T07:31:16.732964+00:00
qiskit-statevector,2.5.2,brickwall,pauli_z_first_k,8,6,10,80,20,1600,7.93057033e-03,42086546,21.959,2026-08-23T07:31:38.695341+00:00
qiskit-statevector,2.5.2,brickwall,pauli_z_first_k,8,6,11,88,20,1760,6.38923569e-03,42086577,27.924,2026-08-23T07:32:06.622857+00:00
qiskit-statevector,2.5.2,brickwall,pauli_z_first_k,8,6,12,96,20,1920,5.98681603e-03,42086608,32.107,2026-08-23T07:32:38.733461+00:00
qiskit-statevector,2.5.2,brickwall,pauli_z_first_k,8,6,13,104,20,2080,6.39299369e-03,42086639,38.905,2026-08-23T07:33:17.642572+00:00
qiskit-statevector,2.5.2,brickwall,pauli_z_first_k,8,6,14,112,20,2240,6.74620615e-03,42086670,43.665,2026-08-23T07:34:01.311829+00:00
qiskit-statevector,2.5.2,brickwall,pauli_z_first_k,8,6,15,120,20,2400,4.87390449e-03,42086701,49.930,2026-08-23T07:34:51.244744+00:00
qiskit-statevector,2.5.2,brickwall,pauli_z_first_k,8,6,16,128,20,2560,5.13911243e-03,42086732,57.362,2026-08-23T07:35:48.609803+00:00
qiskit-statevector,2.5.2,brickwall,pauli_z_first_k,8,6,17,136,20,2720,5.10633940e-03,42086763,63.377,2026-08-23T07:36:51.990541+00:00
qiskit-statevector,2.5.2,brickwall,pauli_z_first_k,8,6,18,144,20,2880,4.22252456e-03,42086794,72.270,2026-08-23T07:38:04.264194+00:00
qiskit-statevector,2.5.2,brickwall,pauli_z_first_k,8,6,19,152,20,3040,4.97430465e-03,42086825,78.835,2026-08-23T07:39:23.103219+00:00
qiskit-statevector,2.5.2,brickwall,pauli_z_first_k,8,6,20,160,20,3200,5.00383334e-03,42086856,88.616,2026-08-23T07:40:51.722531+00:00
qiskit-statevector,2.5.2,brickwall,pauli_z_first_k,8,6,21,168,20,3360,4.97559362e-03,42086887,96.100,2026-08-23T07:42:27.826618+00:00
qiskit-statevector,2.5.2,brickwall,pauli_z_first_k,8,6,22,176,20,3520,4.52883508e-03,42086918,105.625,2026-08-23T07:44:13.455271+00:00
qiskit-statevector,2.5.2,brickwall,pauli_z_first_k,8,6,23,184,20,3680,4.67407694e-03,42086949,116.404,2026-08-23T07:46:09.863016+00:00
qiskit-statevector,2.5.2,brickwall,pauli_z_first_k,8,6,24,192,20,3840,4.12188169e-03,42086980,126.013,2026-08-23T07:48:15.879663+00:00
qiskit-statevector,2.5.2,brickwall,pauli_z_first_k,8,6,25,200,20,4000,4.34608148e-03,42087011,136.233,2026-08-23T07:50:32.116404+00:00
qiskit-statevector,2.5.2,brickwall,pauli_z_first_k,8,6,26,208,20,4160,4.02878079e-03,42087042,148.293,2026-08-23T07:53:00.412763+00:00
qiskit-statevector,2.5.2,brickwall,pauli_z_first_k,8,6,27,216,20,4320,4.20386877e-03,42087073,165.110,2026-08-23T07:55:45.526140+00:00
qiskit-statevector,2.5.2,brickwall,pauli_z_first_k,8,6,28,224,20,4480,4.42971604e-03,42087104,171.857,2026-08-23T07:58:37.387442+00:00
qiskit-statevector,2.5.2,brickwall,pauli_z_first_k,8,6,29,232,20,4640,3.98113743e-03,42087135,185.937,2026-08-23T08:01:43.328520+00:00
qiskit-statevector,2.5.2,brickwall,pauli_z_first_k,8,6,30,240,20,4800,4.22351316e-03,42087166,198.144,2026-08-23T08:05:01.480162+00:00
qiskit-statevector,2.5.2,brickwall,pauli_z_first_k,8,8,1,8,20,160,2.77346623e-02,42088285,0.334,2026-08-23T08:05:01.819132+00:00
qiskit-statevector,2.5.2,brickwall,pauli_z_first_k,8,8,2,16,20,320,9.53661398e-03,42088316,1.011,2026-08-23T08:05:02.833963+00:00
qiskit-statevector,2.5.2,brickwall,pauli_z_first_k,8,8,3,24,20,480,1.18276882e-02,42088347,2.087,2026-08-23T08:05:04.924935+00:00
qiskit-statevector,2.5.2,brickwall,pauli_z_first_k,8,8,4,32,20,640,7.49804830e-03,42088378,3.490,2026-08-23T08:05:08.418325+00:00
qiskit-statevector,2.5.2,brickwall,pauli_z_first_k,8,8,5,40,20,800,5.19655791e-03,42088409,7.208,2026-08-23T08:05:15.629883+00:00
qiskit-statevector,2.5.2,brickwall,pauli_z_first_k,8,8,6,48,20,960,5.84717583e-03,42088440,7.552,2026-08-23T08:05:23.185742+00:00
qiskit-statevector,2.5.2,brickwall,pauli_z_first_k,8,8,7,56,20,1120,6.40851142e-03,42088471,12.146,2026-08-23T08:05:35.334689+00:00
qiskit-statevector,2.5.2,brickwall,pauli_z_first_k,8,8,8,64,20,1280,5.93314619e-03,42088502,15.033,2026-08-23T08:05:50.371655+00:00
qiskit-statevector,2.5.2,brickwall,pauli_z_first_k,8,8,9,72,20,1440,7.29083834e-03,42088533,18.524,2026-08-23T08:06:08.899465+00:00
qiskit-statevector,2.5.2,brickwall,pauli_z_first_k,8,8,10,80,20,1600,5.20495833e-03,42088564,24.025,2026-08-23T08:06:32.927747+00:00
qiskit-statevector,2.5.2,brickwall,pauli_z_first_k,8,8,11,88,20,1760,5.43289073e-03,42088595,29.479,2026-08-23T08:07:02.410831+00:00
qiskit-statevector,2.5.2,brickwall,pauli_z_first_k,8,8,12,96,20,1920,5.78872562e-03,42088626,34.604,2026-08-23T08:07:37.019351+00:00
qiskit-statevector,2.5.2,brickwall,pauli_z_first_k,8,8,13,104,20,2080,4.70853063e-03,42088657,38.725,2026-08-23T08:08:15.748369+00:00
qiskit-statevector,2.5.2,brickwall,pauli_z_first_k,8,8,14,112,20,2240,4.97061153e-03,42088688,44.669,2026-08-23T08:09:00.421043+00:00
qiskit-statevector,2.5.2,brickwall,pauli_z_first_k,8,8,15,120,20,2400,4.67711942e-03,42088719,51.257,2026-08-23T08:09:51.682085+00:00
qiskit-statevector,2.5.2,brickwall,pauli_z_first_k,8,8,16,128,20,2560,4.55216255e-03,42088750,57.771,2026-08-23T08:10:49.456530+00:00
qiskit-statevector,2.5.2,brickwall,pauli_z_first_k,8,8,17,136,20,2720,4.32073919e-03,42088781,64.300,2026-08-23T08:11:53.760231+00:00
qiskit-statevector,2.5.2,brickwall,pauli_z_first_k,8,8,18,144,20,2880,4.39088467e-03,42088812,72.856,2026-08-23T08:13:06.619682+00:00
qiskit-statevector,2.5.2,brickwall,pauli_z_first_k,8,8,19,152,20,3040,5.50237583e-03,42088843,85.323,2026-08-23T08:14:31.946725+00:00
qiskit-statevector,2.5.2,brickwall,pauli_z_first_k,8,8,20,160,20,3200,4.39738273e-03,42088874,89.588,2026-08-23T08:16:01.538040+00:00
qiskit-statevector,2.5.2,brickwall,pauli_z_first_k,8,8,21,168,20,3360,4.82943674e-03,42088905,103.376,2026-08-23T08:17:44.918099+00:00
qiskit-statevector,2.5.2,brickwall,pauli_z_first_k,8,8,22,176,20,3520,4.39569871e-03,42088936,108.218,2026-08-23T08:19:33.140012+00:00
qiskit-statevector,2.5.2,brickwall,pauli_z_first_k,8,8,23,184,20,3680,3.92427774e-03,42088967,118.894,2026-08-23T08:21:32.038033+00:00
qiskit-statevector,2.5.2,brickwall,pauli_z_first_k,8,8,24,192,20,3840,4.43859950e-03,42088998,128.986,2026-08-23T08:23:41.028195+00:00
qiskit-statevector,2.5.2,brickwall,pauli_z_first_k,8,8,25,200,20,4000,4.24666017e-03,42089029,143.643,2026-08-23T08:26:04.678187+00:00
qiskit-statevector,2.5.2,brickwall,pauli_z_first_k,8,8,26,208,20,4160,4.34333894e-03,42089060,150.316,2026-08-23T08:28:34.998051+00:00
qiskit-statevector,2.5.2,brickwall,pauli_z_first_k,8,8,27,216,20,4320,4.46321437e-03,42089091,165.064,2026-08-23T08:31:20.066289+00:00
qiskit-statevector,2.5.2,brickwall,pauli_z_first_k,8,8,28,224,20,4480,4.13750611e-03,42089122,178.739,2026-08-23T08:34:18.810343+00:00
qiskit-statevector,2.5.2,brickwall,pauli_z_first_k,8,8,29,232,20,4640,4.17464987e-03,42089153,179.560,2026-08-23T08:37:18.374228+00:00
qiskit-statevector,2.5.2,brickwall,pauli_z_first_k,8,8,30,240,20,4800,4.16967772e-03,42089184,190.456,2026-08-23T08:40:28.834493+00:00
qiskit-statevector,2.5.2,brickwall,pauli_z_first_k,10,2,1,10,20,200,5.10726555e-02,42102245,0.725,2026-08-23T08:40:29.566225+00:00
qiskit-statevector,2.5.2,brickwall,pauli_z_first_k,10,2,2,20,20,400,4.87668927e-02,42102276,2.217,2026-08-23T08:40:31.786763+00:00
qiskit-statevector,2.5.2,brickwall,pauli_z_first_k,10,2,3,30,20,600,3.25991897e-02,42102307,3.451,2026-08-23T08:40:35.240487+00:00
qiskit-statevector,2.5.2,brickwall,pauli_z_first_k,10,2,4,40,20,800,3.53766836e-02,42102338,5.758,2026-08-23T08:40:41.001810+00:00
qiskit-statevector,2.5.2,brickwall,pauli_z_first_k,10,2,5,50,20,1000,2.45758260e-02,42102369,10.775,2026-08-23T08:40:51.781210+00:00
qiskit-statevector,2.5.2,brickwall,pauli_z_first_k,10,2,6,60,20,1200,2.82298025e-02,42102400,14.436,2026-08-23T08:41:06.221098+00:00
qiskit-statevector,2.5.2,brickwall,pauli_z_first_k,10,2,7,70,20,1400,2.54006924e-02,42102431,18.939,2026-08-23T08:41:25.164126+00:00
qiskit-statevector,2.5.2,brickwall,pauli_z_first_k,10,2,8,80,20,1600,2.59405507e-02,42102462,25.635,2026-08-23T08:41:50.803163+00:00
qiskit-statevector,2.5.2,brickwall,pauli_z_first_k,10,2,9,90,20,1800,2.11419968e-02,42102493,31.162,2026-08-23T08:42:21.968579+00:00
qiskit-statevector,2.5.2,brickwall,pauli_z_first_k,10,2,10,100,20,2000,1.81509259e-02,42102524,39.096,2026-08-23T08:43:01.068651+00:00
qiskit-statevector,2.5.2,brickwall,pauli_z_first_k,10,2,11,110,20,2200,1.69218288e-02,42102555,46.718,2026-08-23T08:43:47.789776+00:00
qiskit-statevector,2.5.2,brickwall,pauli_z_first_k,10,2,12,120,20,2400,1.47635005e-02,42102586,56.126,2026-08-23T08:44:43.919271+00:00
qiskit-statevector,2.5.2,brickwall,pauli_z_first_k,10,2,13,130,20,2600,1.31472653e-02,42102617,65.512,2026-08-23T08:45:49.434323+00:00
qiskit-statevector,2.5.2,brickwall,pauli_z_first_k,10,2,14,140,20,2800,1.52711691e-02,42102648,75.188,2026-08-23T08:47:04.625746+00:00
qiskit-statevector,2.5.2,brickwall,pauli_z_first_k,10,2,15,150,20,3000,1.29922571e-02,42102679,84.188,2026-08-23T08:48:28.817529+00:00
qiskit-statevector,2.5.2,brickwall,pauli_z_first_k,10,2,16,160,20,3200,1.18559992e-02,42102710,92.050,2026-08-23T08:50:00.870888+00:00
qiskit-statevector,2.5.2,brickwall,pauli_z_first_k,10,2,17,170,20,3400,9.67245321e-03,42102741,103.889,2026-08-23T08:51:44.763168+00:00
qiskit-statevector,2.5.2,brickwall,pauli_z_first_k,10,2,18,180,20,3600,9.62331527e-03,42102772,116.388,2026-08-23T08:53:41.154245+00:00
qiskit-statevector,2.5.2,brickwall,pauli_z_first_k,10,2,19,190,20,3800,7.27208465e-03,42102803,129.670,2026-08-23T08:55:50.827868+00:00
qiskit-statevector,2.5.2,brickwall,pauli_z_first_k,10,2,20,200,20,4000,7.86402917e-03,42102834,143.649,2026-08-23T08:58:14.480140+00:00
qiskit-statevector,2.5.2,brickwall,pauli_z_first_k,10,2,21,210,20,4200,6.38822148e-03,42102865,157.739,2026-08-23T09:00:52.222972+00:00
qiskit-statevector,2.5.2,brickwall,pauli_z_first_k,10,2,22,220,20,4400,6.50767169e-03,42102896,173.779,2026-08-23T09:03:46.005508+00:00
qiskit-statevector,2.5.2,brickwall,pauli_z_first_k,10,2,23,230,20,4600,6.11584200e-03,42102927,190.773,2026-08-23T09:06:56.782253+00:00
qiskit-statevector,2.5.2,brickwall,pauli_z_first_k,10,2,24,240,20,4800,6.62846519e-03,42102958,209.166,2026-08-23T09:10:25.951424+00:00
qiskit-statevector,2.5.2,brickwall,pauli_z_first_k,10,2,25,250,20,5000,3.87439467e-03,42102989,227.924,2026-08-23T09:14:13.878696+00:00
qiskit-statevector,2.5.2,brickwall,pauli_z_first_k,10,2,26,260,20,5200,4.45112554e-03,42103020,243.075,2026-08-23T09:18:16.960264+00:00
qiskit-statevector,2.5.2,brickwall,pauli_z_first_k,10,2,27,270,20,5400,3.24411411e-03,42103051,262.390,2026-08-23T09:22:39.354167+00:00
qiskit-statevector,2.5.2,brickwall,pauli_z_first_k,10,2,28,280,20,5600,3.95812106e-03,42103082,279.351,2026-08-23T09:27:18.709553+00:00
qiskit-statevector,2.5.2,brickwall,pauli_z_first_k,10,2,29,290,20,5800,3.46415575e-03,42103113,303.923,2026-08-23T09:32:22.635981+00:00
qiskit-statevector,2.5.2,brickwall,pauli_z_first_k,10,2,30,300,20,6000,3.21196580e-03,42103144,326.756,2026-08-23T09:37:49.395640+00:00
qiskit-statevector,2.5.2,brickwall,pauli_z_first_k,10,3,1,10,20,200,4.69576992e-02,42103254,0.472,2026-08-23T09:37:49.872207+00:00
qiskit-statevector,2.5.2,brickwall,pauli_z_first_k,10,3,2,20,20,400,3.55264166e-02,42103285,1.545,2026-08-23T09:37:51.422236+00:00
qiskit-statevector,2.5.2,brickwall,pauli_z_first_k,10,3,3,30,20,600,3.32225411e-02,42103316,3.254,2026-08-23T09:37:54.679555+00:00
qiskit-statevector,2.5.2,brickwall,pauli_z_first_k,10,3,4,40,20,800,2.17933173e-02,42103347,7.294,2026-08-23T09:38:01.977028+00:00
qiskit-statevector,2.5.2,brickwall,pauli_z_first_k,10,3,5,50,20,1000,2.73771831e-02,42103378,8.498,2026-08-23T09:38:10.478398+00:00
qiskit-statevector,2.5.2,brickwall,pauli_z_first_k,10,3,6,60,20,1200,1.89609338e-02,42103409,13.809,2026-08-23T09:38:24.290344+00:00
qiskit-statevector,2.5.2,brickwall,pauli_z_first_k,10,3,7,70,20,1400,2.20198967e-02,42103440,18.913,2026-08-23T09:38:43.206621+00:00
qiskit-statevector,2.5.2,brickwall,pauli_z_first_k,10,3,8,80,20,1600,1.81179037e-02,42103471,23.860,2026-08-23T09:39:07.069348+00:00
qiskit-statevector,2.5.2,brickwall,pauli_z_first_k,10,3,9,90,20,1800,1.67719243e-02,42103502,32.421,2026-08-23T09:39:39.494211+00:00
qiskit-statevector,2.5.2,brickwall,pauli_z_first_k,10,3,10,100,20,2000,1.11389991e-02,42103533,40.452,2026-08-23T09:40:19.950359+00:00
qiskit-statevector,2.5.2,brickwall,pauli_z_first_k,10,3,11,110,20,2200,1.08287186e-02,42103564,46.696,2026-08-23T09:41:06.649522+00:00
qiskit-statevector,2.5.2,brickwall,pauli_z_first_k,10,3,12,120,20,2400,1.37074928e-02,42103595,54.609,2026-08-23T09:42:01.262710+00:00
qiskit-statevector,2.5.2,brickwall,pauli_z_first_k,10,3,13,130,20,2600,1.24330689e-02,42103626,62.320,2026-08-23T09:43:03.586665+00:00
qiskit-statevector,2.5.2,brickwall,pauli_z_first_k,10,3,14,140,20,2800,8.96841200e-03,42103657,73.573,2026-08-23T09:44:17.162812+00:00
qiskit-statevector,2.5.2,brickwall,pauli_z_first_k,10,3,15,150,20,3000,8.66702830e-03,42103688,83.102,2026-08-23T09:45:40.268414+00:00
qiskit-statevector,2.5.2,brickwall,pauli_z_first_k,10,3,16,160,20,3200,7.43496126e-03,42103719,93.947,2026-08-23T09:47:14.218254+00:00
qiskit-statevector,2.5.2,brickwall,pauli_z_first_k,10,3,17,170,20,3400,1.01753242e-02,42103750,104.435,2026-08-23T09:48:58.657092+00:00
qiskit-statevector,2.5.2,brickwall,pauli_z_first_k,10,3,18,180,20,3600,6.48272074e-03,42103781,117.217,2026-08-23T09:50:55.878054+00:00
qiskit-statevector,2.5.2,brickwall,pauli_z_first_k,10,3,19,190,20,3800,7.76730767e-03,42103812,131.094,2026-08-23T09:53:06.975809+00:00
qiskit-statevector,2.5.2,brickwall,pauli_z_first_k,10,3,20,200,20,4000,4.50784717e-03,42103843,144.833,2026-08-23T09:55:31.812189+00:00
qiskit-statevector,2.5.2,brickwall,pauli_z_first_k,10,3,21,210,20,4200,6.18369884e-03,42103874,158.141,2026-08-23T09:58:09.956487+00:00
qiskit-statevector,2.5.2,brickwall,pauli_z_first_k,10,3,22,220,20,4400,4.33494594e-03,42103905,175.087,2026-08-23T10:01:05.046378+00:00
qiskit-statevector,2.5.2,brickwall,pauli_z_first_k,10,3,23,230,20,4600,4.14646472e-03,42103936,192.856,2026-08-23T10:04:17.905907+00:00
qiskit-statevector,2.5.2,brickwall,pauli_z_first_k,10,3,24,240,20,4800,3.50186318e-03,42103967,207.968,2026-08-23T10:07:45.877428+00:00
qiskit-statevector,2.5.2,brickwall,pauli_z_first_k,10,3,25,250,20,5000,3.83494306e-03,42103998,221.603,2026-08-23T10:11:27.483893+00:00
qiskit-statevector,2.5.2,brickwall,pauli_z_first_k,10,3,26,260,20,5200,3.14723554e-03,42104029,238.671,2026-08-23T10:15:26.158491+00:00
qiskit-statevector,2.5.2,brickwall,pauli_z_first_k,10,3,27,270,20,5400,3.39446447e-03,42104060,256.504,2026-08-23T10:19:42.665585+00:00
qiskit-statevector,2.5.2,brickwall,pauli_z_first_k,10,3,28,280,20,5600,2.65432384e-03,42104091,278.225,2026-08-23T10:24:20.894582+00:00
qiskit-statevector,2.5.2,brickwall,pauli_z_first_k,10,3,29,290,20,5800,2.69903062e-03,42104122,296.622,2026-08-23T10:29:17.519979+00:00
qiskit-statevector,2.5.2,brickwall,pauli_z_first_k,10,3,30,300,20,6000,2.65770707e-03,42104153,324.492,2026-08-23T10:34:42.015578+00:00
qiskit-statevector,2.5.2,brickwall,pauli_z_first_k,10,4,1,10,20,200,5.00889728e-02,42104263,0.709,2026-08-23T10:34:42.730842+00:00
qiskit-statevector,2.5.2,brickwall,pauli_z_first_k,10,4,2,20,20,400,2.88303485e-02,42104294,1.606,2026-08-23T10:34:44.339989+00:00
qiskit-statevector,2.5.2,brickwall,pauli_z_first_k,10,4,3,30,20,600,2.36726338e-02,42104325,3.198,2026-08-23T10:34:47.540798+00:00
qiskit-statevector,2.5.2,brickwall,pauli_z_first_k,10,4,4,40,20,800,1.99997547e-02,42104356,5.635,2026-08-23T10:34:53.179264+00:00
qiskit-statevector,2.5.2,brickwall,pauli_z_first_k,10,4,5,50,20,1000,1.79412108e-02,42104387,10.133,2026-08-23T10:35:03.315167+00:00
qiskit-statevector,2.5.2,brickwall,pauli_z_first_k,10,4,6,60,20,1200,1.81146491e-02,42104418,13.642,2026-08-23T10:35:16.960133+00:00
qiskit-statevector,2.5.2,brickwall,pauli_z_first_k,10,4,7,70,20,1400,1.41651590e-02,42104449,17.835,2026-08-23T10:35:34.798346+00:00
qiskit-statevector,2.5.2,brickwall,pauli_z_first_k,10,4,8,80,20,1600,1.40252965e-02,42104480,23.975,2026-08-23T10:35:58.776827+00:00
qiskit-statevector,2.5.2,brickwall,pauli_z_first_k,10,4,9,90,20,1800,8.95818079e-03,42104511,29.454,2026-08-23T10:36:28.233682+00:00
qiskit-statevector,2.5.2,brickwall,pauli_z_first_k,10,4,10,100,20,2000,1.26784847e-02,42104542,35.240,2026-08-23T10:37:03.477149+00:00
qiskit-statevector,2.5.2,brickwall,pauli_z_first_k,10,4,11,110,20,2200,1.03683878e-02,42104573,43.975,2026-08-23T10:37:47.455436+00:00
qiskit-statevector,2.5.2,brickwall,pauli_z_first_k,10,4,12,120,20,2400,9.29652252e-03,42104604,53.234,2026-08-23T10:38:40.693749+00:00
qiskit-statevector,2.5.2,brickwall,pauli_z_first_k,10,4,13,130,20,2600,7.14960020e-03,42104635,61.388,2026-08-23T10:39:42.085004+00:00
qiskit-statevector,2.5.2,brickwall,pauli_z_first_k,10,4,14,140,20,2800,7.12756550e-03,42104666,71.154,2026-08-23T10:40:53.242387+00:00
qiskit-statevector,2.5.2,brickwall,pauli_z_first_k,10,4,15,150,20,3000,5.28147170e-03,42104697,79.460,2026-08-23T10:42:12.706059+00:00
qiskit-statevector,2.5.2,brickwall,pauli_z_first_k,10,4,16,160,20,3200,6.57612026e-03,42104728,91.044,2026-08-23T10:43:43.753925+00:00
qiskit-statevector,2.5.2,brickwall,pauli_z_first_k,10,4,17,170,20,3400,5.03623251e-03,42104759,103.979,2026-08-23T10:45:27.735680+00:00
qiskit-statevector,2.5.2,brickwall,pauli_z_first_k,10,4,18,180,20,3600,4.90560595e-03,42104790,118.947,2026-08-23T10:47:26.691396+00:00
qiskit-statevector,2.5.2,brickwall,pauli_z_first_k,10,4,19,190,20,3800,4.15202223e-03,42104821,131.212,2026-08-23T10:49:37.907189+00:00
qiskit-statevector,2.5.2,brickwall,pauli_z_first_k,10,4,20,200,20,4000,4.52496421e-03,42104852,148.776,2026-08-23T10:52:06.686702+00:00
qiskit-statevector,2.5.2,brickwall,pauli_z_first_k,10,4,21,210,20,4200,3.25353120e-03,42104883,156.412,2026-08-23T10:54:43.102157+00:00
qiskit-statevector,2.5.2,brickwall,pauli_z_first_k,10,4,22,220,20,4400,4.37879908e-03,42104914,171.713,2026-08-23T10:57:34.818888+00:00
qiskit-statevector,2.5.2,brickwall,pauli_z_first_k,10,4,23,230,20,4600,2.72530736e-03,42104945,189.285,2026-08-23T11:00:44.107741+00:00
qiskit-statevector,2.5.2,brickwall,pauli_z_first_k,10,4,24,240,20,4800,3.23685990e-03,42104976,202.902,2026-08-23T11:04:07.013957+00:00
qiskit-statevector,2.5.2,brickwall,pauli_z_first_k,10,4,25,250,20,5000,2.36472204e-03,42105007,225.558,2026-08-23T11:07:52.575842+00:00
qiskit-statevector,2.5.2,brickwall,pauli_z_first_k,10,4,26,260,20,5200,2.61042866e-03,42105038,240.451,2026-08-23T11:11:53.030708+00:00
qiskit-statevector,2.5.2,brickwall,pauli_z_first_k,10,4,27,270,20,5400,2.20327360e-03,42105069,258.035,2026-08-23T11:16:11.069235+00:00
qiskit-statevector,2.5.2,brickwall,pauli_z_first_k,10,4,28,280,20,5600,2.00217901e-03,42105100,279.115,2026-08-23T11:20:50.188406+00:00
qiskit-statevector,2.5.2,brickwall,pauli_z_first_k,10,4,29,290,20,5800,1.86561430e-03,42105131,298.798,2026-08-23T11:25:48.995281+00:00
qiskit-statevector,2.5.2,brickwall,pauli_z_first_k,10,4,30,300,20,6000,2.28481794e-03,42105162,324.870,2026-08-23T11:31:13.868970+00:00
qiskit-statevector,2.5.2,brickwall,pauli_z_first_k,10,5,1,10,20,200,4.17277340e-02,42105272,0.475,2026-08-23T11:31:14.347245+00:00
qiskit-statevector,2.5.2,brickwall,pauli_z_first_k,10,5,2,20,20,400,1.92012334e-02,42105303,1.533,2026-08-23T11:31:15.883439+00:00
qiskit-statevector,2.5.2,brickwall,pauli_z_first_k,10,5,3,30,20,600,1.80247058e-02,42105334,3.406,2026-08-23T11:31:19.292809+00:00
qiskit-statevector,2.5.2,brickwall,pauli_z_first_k,10,5,4,40,20,800,1.26264248e-02,42105365,7.097,2026-08-23T11:31:26.392424+00:00
qiskit-statevector,2.5.2,brickwall,pauli_z_first_k,10,5,5,50,20,1000,1.69057057e-02,42105396,9.166,2026-08-23T11:31:35.561917+00:00
qiskit-statevector,2.5.2,brickwall,pauli_z_first_k,10,5,6,60,20,1200,8.47914133e-03,42105427,13.152,2026-08-23T11:31:48.717937+00:00
qiskit-statevector,2.5.2,brickwall,pauli_z_first_k,10,5,7,70,20,1400,1.31858688e-02,42105458,19.579,2026-08-23T11:32:08.300944+00:00
qiskit-statevector,2.5.2,brickwall,pauli_z_first_k,10,5,8,80,20,1600,7.04372243e-03,42105489,23.109,2026-08-23T11:32:31.413446+00:00
qiskit-statevector,2.5.2,brickwall,pauli_z_first_k,10,5,9,90,20,1800,8.07031471e-03,42105520,30.413,2026-08-23T11:33:01.830123+00:00
qiskit-statevector,2.5.2,brickwall,pauli_z_first_k,10,5,10,100,20,2000,7.29082218e-03,42105551,38.094,2026-08-23T11:33:39.927724+00:00
qiskit-statevector,2.5.2,brickwall,pauli_z_first_k,10,5,11,110,20,2200,7.90956061e-03,42105582,45.518,2026-08-23T11:34:25.449027+00:00
qiskit-statevector,2.5.2,brickwall,pauli_z_first_k,10,5,12,120,20,2400,5.32062926e-03,42105613,53.536,2026-08-23T11:35:18.988908+00:00
qiskit-statevector,2.5.2,brickwall,pauli_z_first_k,10,5,13,130,20,2600,6.45127934e-03,42105644,64.014,2026-08-23T11:36:23.007648+00:00
qiskit-statevector,2.5.2,brickwall,pauli_z_first_k,10,5,14,140,20,2800,4.14755502e-03,42105675,72.672,2026-08-23T11:37:35.683381+00:00
qiskit-statevector,2.5.2,brickwall,pauli_z_first_k,10,5,15,150,20,3000,4.03167998e-03,42105706,82.350,2026-08-23T11:38:58.037413+00:00
qiskit-statevector,2.5.2,brickwall,pauli_z_first_k,10,5,16,160,20,3200,4.09775144e-03,42105737,96.000,2026-08-23T11:40:34.040693+00:00
qiskit-statevector,2.5.2,brickwall,pauli_z_first_k,10,5,17,170,20,3400,4.21854670e-03,42105768,104.381,2026-08-23T11:42:18.425097+00:00
qiskit-statevector,2.5.2,brickwall,pauli_z_first_k,10,5,18,180,20,3600,3.05115667e-03,42105799,115.820,2026-08-23T11:44:14.249203+00:00
qiskit-statevector,2.5.2,brickwall,pauli_z_first_k,10,5,19,190,20,3800,2.97158581e-03,42105830,127.023,2026-08-23T11:46:21.276160+00:00
qiskit-statevector,2.5.2,brickwall,pauli_z_first_k,10,5,20,200,20,4000,2.76934915e-03,42105861,141.459,2026-08-23T11:48:42.738818+00:00
qiskit-statevector,2.5.2,brickwall,pauli_z_first_k,10,5,21,210,20,4200,2.75337709e-03,42105892,156.704,2026-08-23T11:51:19.446378+00:00
qiskit-statevector,2.5.2,brickwall,pauli_z_first_k,10,5,22,220,20,4400,2.60385805e-03,42105923,170.252,2026-08-23T11:54:09.701267+00:00
qiskit-statevector,2.5.2,brickwall,pauli_z_first_k,10,5,23,230,20,4600,2.44280305e-03,42105954,191.309,2026-08-23T11:57:21.014623+00:00
qiskit-statevector,2.5.2,brickwall,pauli_z_first_k,10,5,24,240,20,4800,2.27637986e-03,42105985,207.692,2026-08-23T12:00:48.719377+00:00
qiskit-statevector,2.5.2,brickwall,pauli_z_first_k,10,5,25,250,20,5000,2.16730700e-03,42106016,226.116,2026-08-23T12:04:34.839023+00:00
qiskit-statevector,2.5.2,brickwall,pauli_z_first_k,10,5,26,260,20,5200,1.51141452e-03,42106047,249.499,2026-08-23T12:08:44.341693+00:00
qiskit-statevector,2.5.2,brickwall,pauli_z_first_k,10,5,27,270,20,5400,1.76612639e-03,42106078,274.371,2026-08-23T12:13:18.718602+00:00
qiskit-statevector,2.5.2,brickwall,pauli_z_first_k,10,5,28,280,20,5600,1.90231769e-03,42106109,281.504,2026-08-23T12:18:00.226464+00:00
qiskit-statevector,2.5.2,brickwall,pauli_z_first_k,10,5,29,290,20,5800,1.78306228e-03,42106140,301.357,2026-08-23T12:23:01.587782+00:00
qiskit-statevector,2.5.2,brickwall,pauli_z_first_k,10,5,30,300,20,6000,1.52839105e-03,42106171,327.928,2026-08-23T12:28:29.519202+00:00
qiskit-statevector,2.5.2,brickwall,pauli_z_first_k,10,6,1,10,20,200,3.52079557e-02,42106281,0.451,2026-08-23T12:28:29.975043+00:00
qiskit-statevector,2.5.2,brickwall,pauli_z_first_k,10,6,2,20,20,400,1.79793146e-02,42106312,1.548,2026-08-23T12:28:31.526778+00:00
qiskit-statevector,2.5.2,brickwall,pauli_z_first_k,10,6,3,30,20,600,1.61590772e-02,42106343,3.300,2026-08-23T12:28:34.829788+00:00
qiskit-statevector,2.5.2,brickwall,pauli_z_first_k,10,6,4,40,20,800,9.93982023e-03,42106374,7.368,2026-08-23T12:28:42.201057+00:00
qiskit-statevector,2.5.2,brickwall,pauli_z_first_k,10,6,5,50,20,1000,7.01010813e-03,42106405,9.388,2026-08-23T12:28:51.592088+00:00
qiskit-statevector,2.5.2,brickwall,pauli_z_first_k,10,6,6,60,20,1200,9.00326053e-03,42106436,13.567,2026-08-23T12:29:05.161996+00:00
qiskit-statevector,2.5.2,brickwall,pauli_z_first_k,10,6,7,70,20,1400,3.61481199e-03,42106467,19.527,2026-08-23T12:29:24.692411+00:00
qiskit-statevector,2.5.2,brickwall,pauli_z_first_k,10,6,8,80,20,1600,6.80938693e-03,42106498,22.608,2026-08-23T12:29:47.303560+00:00
qiskit-statevector,2.5.2,brickwall,pauli_z_first_k,10,6,9,90,20,1800,6.14555359e-03,42106529,29.845,2026-08-23T12:30:17.153469+00:00
qiskit-statevector,2.5.2,brickwall,pauli_z_first_k,10,6,10,100,20,2000,4.60111804e-03,42106560,37.874,2026-08-23T12:30:55.030937+00:00
qiskit-statevector,2.5.2,brickwall,pauli_z_first_k,10,6,11,110,20,2200,3.35251386e-03,42106591,44.934,2026-08-23T12:31:39.967751+00:00
qiskit-statevector,2.5.2,brickwall,pauli_z_first_k,10,6,12,120,20,2400,3.94248496e-03,42106622,51.806,2026-08-23T12:32:31.777158+00:00
qiskit-statevector,2.5.2,brickwall,pauli_z_first_k,10,6,13,130,20,2600,2.70479849e-03,42106653,62.449,2026-08-23T12:33:34.229379+00:00
qiskit-statevector,2.5.2,brickwall,pauli_z_first_k,10,6,14,140,20,2800,3.13442743e-03,42106684,74.775,2026-08-23T12:34:49.008247+00:00
qiskit-statevector,2.5.2,brickwall,pauli_z_first_k,10,6,15,150,20,3000,2.97878637e-03,42106715,79.354,2026-08-23T12:36:08.365800+00:00
qiskit-statevector,2.5.2,brickwall,pauli_z_first_k,10,6,16,160,20,3200,3.30038524e-03,42106746,92.049,2026-08-23T12:37:40.418380+00:00
qiskit-statevector,2.5.2,brickwall,pauli_z_first_k,10,6,17,170,20,3400,2.26912653e-03,42106777,108.949,2026-08-23T12:39:29.370165+00:00
qiskit-statevector,2.5.2,brickwall,pauli_z_first_k,10,6,18,180,20,3600,2.51258140e-03,42106808,123.555,2026-08-23T12:41:32.929211+00:00
qiskit-statevector,2.5.2,brickwall,pauli_z_first_k,10,6,19,190,20,3800,1.89068344e-03,42106839,136.787,2026-08-23T12:43:49.719771+00:00
qiskit-statevector,2.5.2,brickwall,pauli_z_first_k,10,6,20,200,20,4000,1.99540126e-03,42106870,148.282,2026-08-23T12:46:18.006016+00:00
qiskit-statevector,2.5.2,brickwall,pauli_z_first_k,10,6,21,210,20,4200,1.88402327e-03,42106901,163.221,2026-08-23T12:49:01.231011+00:00
qiskit-statevector,2.5.2,brickwall,pauli_z_first_k,10,6,22,220,20,4400,2.04861866e-03,42106932,173.653,2026-08-23T12:51:54.887374+00:00
qiskit-statevector,2.5.2,brickwall,pauli_z_first_k,10,6,23,230,20,4600,1.54749346e-03,42106963,187.282,2026-08-23T12:55:02.172622+00:00
qiskit-statevector,2.5.2,brickwall,pauli_z_first_k,10,6,24,240,20,4800,1.72096330e-03,42106994,206.452,2026-08-23T12:58:28.628514+00:00
qiskit-statevector,2.5.2,brickwall,pauli_z_first_k,10,6,25,250,20,5000,1.30260622e-03,42107025,220.894,2026-08-23T13:02:09.525823+00:00
qiskit-statevector,2.5.2,brickwall,pauli_z_first_k,10,6,26,260,20,5200,1.45719218e-03,42107056,237.481,2026-08-23T13:06:07.010631+00:00
qiskit-statevector,2.5.2,brickwall,pauli_z_first_k,10,6,27,270,20,5400,1.51584730e-03,42107087,259.686,2026-08-23T13:10:26.700199+00:00
qiskit-statevector,2.5.2,brickwall,pauli_z_first_k,10,6,28,280,20,5600,1.73116643e-03,42107118,278.871,2026-08-23T13:15:05.574920+00:00
qiskit-statevector,2.5.2,brickwall,pauli_z_first_k,10,6,29,290,20,5800,1.33637989e-03,42107149,299.417,2026-08-23T13:20:04.995464+00:00
qiskit-statevector,2.5.2,brickwall,pauli_z_first_k,10,6,30,300,20,6000,1.21806245e-03,42107180,326.723,2026-08-23T13:25:31.721974+00:00
qiskit-statevector,2.5.2,brickwall,pauli_z_first_k,10,8,1,10,20,200,2.76753187e-02,42108299,0.471,2026-08-23T13:25:32.196919+00:00
qiskit-statevector,2.5.2,brickwall,pauli_z_first_k,10,8,2,20,20,400,8.37093053e-03,42108330,1.968,2026-08-23T13:25:34.168020+00:00
qiskit-statevector,2.5.2,brickwall,pauli_z_first_k,10,8,3,30,20,600,5.38935749e-03,42108361,4.414,2026-08-23T13:25:38.585297+00:00
qiskit-statevector,2.5.2,brickwall,pauli_z_first_k,10,8,4,40,20,800,4.08290549e-03,42108392,5.439,2026-08-23T13:25:44.027614+00:00
qiskit-statevector,2.5.2,brickwall,pauli_z_first_k,10,8,5,50,20,1000,3.20527740e-03,42108423,10.144,2026-08-23T13:25:54.175355+00:00
qiskit-statevector,2.5.2,brickwall,pauli_z_first_k,10,8,6,60,20,1200,2.50273838e-03,42108454,13.740,2026-08-23T13:26:07.918977+00:00
qiskit-statevector,2.5.2,brickwall,pauli_z_first_k,10,8,7,70,20,1400,2.76208305e-03,42108485,17.948,2026-08-23T13:26:25.872404+00:00
qiskit-statevector,2.5.2,brickwall,pauli_z_first_k,10,8,8,80,20,1600,2.84076979e-03,42108516,23.765,2026-08-23T13:26:49.641184+00:00
qiskit-statevector,2.5.2,brickwall,pauli_z_first_k,10,8,9,90,20,1800,2.54828034e-03,42108547,30.604,2026-08-23T13:27:20.249138+00:00
qiskit-statevector,2.5.2,brickwall,pauli_z_first_k,10,8,10,100,20,2000,2.18343709e-03,42108578,36.231,2026-08-23T13:27:56.483900+00:00
qiskit-statevector,2.5.2,brickwall,pauli_z_first_k,10,8,11,110,20,2200,2.20594116e-03,42108609,44.521,2026-08-23T13:28:41.008913+00:00
qiskit-statevector,2.5.2,brickwall,pauli_z_first_k,10,8,12,120,20,2400,2.00961852e-03,42108640,54.542,2026-08-23T13:29:35.554558+00:00
qiskit-statevector,2.5.2,brickwall,pauli_z_first_k,10,8,13,130,20,2600,2.34191920e-03,42108671,61.592,2026-08-23T13:30:37.149713+00:00
qiskit-statevector,2.5.2,brickwall,pauli_z_first_k,10,8,14,140,20,2800,1.57354110e-03,42108702,74.819,2026-08-23T13:31:51.972104+00:00
qiskit-statevector,2.5.2,brickwall,pauli_z_first_k,10,8,15,150,20,3000,1.75157727e-03,42108733,85.794,2026-08-23T13:33:17.769796+00:00
qiskit-statevector,2.5.2,brickwall,pauli_z_first_k,10,8,16,160,20,3200,2.09470293e-03,42108764,95.113,2026-08-23T13:34:52.886551+00:00
qiskit-statevector,2.5.2,brickwall,pauli_z_first_k,10,8,17,170,20,3400,1.14546051e-03,42108795,107.094,2026-08-23T13:36:39.984477+00:00
qiskit-statevector,2.5.2,brickwall,pauli_z_first_k,10,8,18,180,20,3600,1.65151629e-03,42108826,119.151,2026-08-23T13:38:39.152997+00:00
qiskit-statevector,2.5.2,brickwall,pauli_z_first_k,10,8,19,190,20,3800,1.06538306e-03,42108857,132.745,2026-08-23T13:40:51.900891+00:00
qiskit-statevector,2.5.2,brickwall,pauli_z_first_k,10,8,20,200,20,4000,1.39828085e-03,42108888,147.146,2026-08-23T13:43:19.056257+00:00
qiskit-statevector,2.5.2,brickwall,pauli_z_first_k,10,8,21,210,20,4200,1.17920338e-03,42108919,159.805,2026-08-23T13:45:58.865047+00:00
qiskit-statevector,2.5.2,brickwall,pauli_z_first_k,10,8,22,220,20,4400,1.25986453e-03,42108950,175.680,2026-08-23T13:48:54.548885+00:00
qiskit-statevector,2.5.2,brickwall,pauli_z_first_k,10,8,23,230,20,4600,1.13728760e-03,42108981,192.242,2026-08-23T13:52:06.794408+00:00
qiskit-statevector,2.5.2,brickwall,pauli_z_first_k,10,8,24,240,20,4800,1.20062859e-03,42109012,213.515,2026-08-23T13:55:40.312756+00:00
qiskit-statevector,2.5.2,brickwall,pauli_z_first_k,10,8,25,250,20,5000,1.15659189e-03,42109043,224.178,2026-08-23T13:59:24.493794+00:00
qiskit-statevector,2.5.2,brickwall,pauli_z_first_k,10,8,26,260,20,5200,1.09157816e-03,42109074,247.915,2026-08-23T14:03:32.412201+00:00
qiskit-statevector,2.5.2,brickwall,pauli_z_first_k,10,8,27,270,20,5400,1.06297744e-03,42109105,267.868,2026-08-23T14:08:00.283863+00:00
qiskit-statevector,2.5.2,brickwall,pauli_z_first_k,10,8,28,280,20,5600,1.05326164e-03,42109136,282.732,2026-08-23T14:12:43.019391+00:00
qiskit-statevector,2.5.2,brickwall,pauli_z_first_k,10,8,29,290,20,5800,1.13291938e-03,42109167,313.726,2026-08-23T14:17:56.748812+00:00
qiskit-statevector,2.5.2,brickwall,pauli_z_first_k,10,8,30,300,20,6000,1.11621901e-03,42109198,336.303,2026-08-23T14:23:33.055602+00:00
qiskit-statevector,2.5.2,brickwall,pauli_z_first_k,10,10,1,10,20,200,9.96469430e-03,42110317,0.470,2026-08-23T14:23:33.529466+00:00
qiskit-statevector,2.5.2,brickwall,pauli_z_first_k,10,10,2,20,20,400,2.82850794e-03,42110348,1.605,2026-08-23T14:23:35.137752+00:00
qiskit-statevector,2.5.2,brickwall,pauli_z_first_k,10,10,3,30,20,600,1.07531565e-03,42110379,3.362,2026-08-23T14:23:38.502943+00:00
qiskit-statevector,2.5.2,brickwall,pauli_z_first_k,10,10,4,40,20,800,2.35948914e-03,42110410,7.067,2026-08-23T14:23:45.573569+00:00
qiskit-statevector,2.5.2,brickwall,pauli_z_first_k,10,10,5,50,20,1000,2.33090030e-03,42110441,9.273,2026-08-23T14:23:54.861091+00:00
qiskit-statevector,2.5.2,brickwall,pauli_z_first_k,10,10,6,60,20,1200,2.17827998e-03,42110472,14.391,2026-08-23T14:24:09.255177+00:00
qiskit-statevector,2.5.2,brickwall,pauli_z_first_k,10,10,7,70,20,1400,1.44459685e-03,42110503,19.613,2026-08-23T14:24:28.871703+00:00
qiskit-statevector,2.5.2,brickwall,pauli_z_first_k,10,10,8,80,20,1600,1.32225614e-03,42110534,24.401,2026-08-23T14:24:53.284927+00:00
qiskit-statevector,2.5.2,brickwall,pauli_z_first_k,10,10,9,90,20,1800,1.91337509e-03,42110565,31.255,2026-08-23T14:25:24.543115+00:00
qiskit-statevector,2.5.2,brickwall,pauli_z_first_k,10,10,10,100,20,2000,1.83392232e-03,42110596,39.371,2026-08-23T14:26:03.917812+00:00
qiskit-statevector,2.5.2,brickwall,pauli_z_first_k,10,10,11,110,20,2200,1.45263871e-03,42110627,45.758,2026-08-23T14:26:49.679512+00:00
qiskit-statevector,2.5.2,brickwall,pauli_z_first_k,10,10,12,120,20,2400,1.89414945e-03,42110658,54.410,2026-08-23T14:27:44.092489+00:00
qiskit-statevector,2.5.2,brickwall,pauli_z_first_k,10,10,13,130,20,2600,1.59997205e-03,42110689,64.153,2026-08-23T14:28:48.249433+00:00
qiskit-statevector,2.5.2,brickwall,pauli_z_first_k,10,10,14,140,20,2800,1.85339944e-03,42110720,75.467,2026-08-23T14:30:03.720061+00:00
qiskit-statevector,2.5.2,brickwall,pauli_z_first_k,10,10,15,150,20,3000,1.53771881e-03,42110751,86.402,2026-08-23T14:31:30.126322+00:00
qiskit-statevector,2.5.2,brickwall,pauli_z_first_k,10,10,16,160,20,3200,1.46892346e-03,42110782,96.333,2026-08-23T14:33:06.462672+00:00
qiskit-statevector,2.5.2,brickwall,pauli_z_first_k,10,10,17,170,20,3400,1.59875053e-03,42110813,110.367,2026-08-23T14:34:56.833534+00:00
qiskit-statevector,2.5.2,brickwall,pauli_z_first_k,10,10,18,180,20,3600,1.18776428e-03,42110844,123.719,2026-08-23T14:37:00.555288+00:00
qiskit-statevector,2.5.2,brickwall,pauli_z_first_k,10,10,19,190,20,3800,1.30516845e-03,42110875,138.273,2026-08-23T14:39:18.832029+00:00
qiskit-statevector,2.5.2,brickwall,pauli_z_first_k,10,10,20,200,20,4000,1.22730049e-03,42110906,164.523,2026-08-23T14:42:03.358299+00:00
qiskit-statevector,2.5.2,brickwall,pauli_z_first_k,10,10,21,210,20,4200,1.19787639e-03,42110937,169.976,2026-08-23T14:44:53.338047+00:00
qiskit-statevector,2.5.2,brickwall,pauli_z_first_k,10,10,22,220,20,4400,1.03978038e-03,42110968,182.788,2026-08-23T14:47:56.129375+00:00
qiskit-statevector,2.5.2,brickwall,pauli_z_first_k,10,10,23,230,20,4600,1.21802787e-03,42110999,199.186,2026-08-23T14:51:15.319216+00:00
qiskit-statevector,2.5.2,brickwall,pauli_z_first_k,10,10,24,240,20,4800,1.26759345e-03,42111030,215.511,2026-08-23T14:54:50.833967+00:00
qiskit-statevector,2.5.2,brickwall,pauli_z_first_k,10,10,25,250,20,5000,1.20059942e-03,42111061,236.095,2026-08-23T14:58:46.932397+00:00
qiskit-statevector,2.5.2,brickwall,pauli_z_first_k,10,10,26,260,20,5200,1.15196142e-03,42111092,261.716,2026-08-23T15:03:08.651155+00:00
qiskit-statevector,2.5.2,brickwall,pauli_z_first_k,10,10,27,270,20,5400,1.17129636e-03,42111123,274.128,2026-08-23T15:07:42.783245+00:00
qiskit-statevector,2.5.2,brickwall,pauli_z_first_k,10,10,28,280,20,5600,1.15288373e-03,42111154,289.988,2026-08-23T15:12:32.774686+00:00
qiskit-statevector,2.5.2,brickwall,pauli_z_first_k,10,10,29,290,20,5800,1.06574033e-03,42111185,311.767,2026-08-23T15:17:44.545470+00:00
qiskit-statevector,2.5.2,brickwall,pauli_z_first_k,10,10,30,300,20,6000,1.06677464e-03,42111216,336.487,2026-08-23T15:23:21.036408+00:00
qiskit-statevector,2.5.2,brickwall,pauli_z_first_k,12,2,1,12,20,240,3.99880394e-02,42122259,0.849,2026-08-23T15:23:21.889885+00:00
qiskit-statevector,2.5.2,brickwall,pauli_z_first_k,12,2,2,24,20,480,3.59140970e-02,42122290,3.005,2026-08-23T15:23:24.897942+00:00
qiskit-statevector,2.5.2,brickwall,pauli_z_first_k,12,2,3,36,20,720,2.58306247e-02,42122321,7.880,2026-08-23T15:23:32.781301+00:00
qiskit-statevector,2.5.2,brickwall,pauli_z_first_k,12,2,4,48,20,960,2.59985528e-02,42122352,12.036,2026-08-23T15:23:44.820986+00:00
qiskit-statevector,2.5.2,brickwall,pauli_z_first_k,12,2,5,60,20,1200,2.19849642e-02,42122383,20.571,2026-08-23T15:24:05.395667+00:00
qiskit-statevector,2.5.2,brickwall,pauli_z_first_k,12,2,6,72,20,1440,2.58751522e-02,42122414,28.590,2026-08-23T15:24:33.989117+00:00
qiskit-statevector,2.5.2,brickwall,pauli_z_first_k,12,2,7,84,20,1680,2.17786270e-02,42122445,37.299,2026-08-23T15:25:11.291618+00:00
qiskit-statevector,2.5.2,brickwall,pauli_z_first_k,12,2,8,96,20,1920,2.00128116e-02,42122476,55.971,2026-08-23T15:26:07.266577+00:00
qiskit-statevector,2.5.2,brickwall,pauli_z_first_k,12,2,9,108,20,2160,1.58379744e-02,42122507,62.650,2026-08-23T15:27:09.921242+00:00
qiskit-statevector,2.5.2,brickwall,pauli_z_first_k,12,2,10,120,20,2400,1.81887390e-02,42122538,76.759,2026-08-23T15:28:26.683589+00:00
qiskit-statevector,2.5.2,brickwall,pauli_z_first_k,12,2,11,132,20,2640,1.41771000e-02,42122569,93.962,2026-08-23T15:30:00.650150+00:00
qiskit-statevector,2.5.2,brickwall,pauli_z_first_k,12,2,12,144,20,2880,1.33281863e-02,42122600,115.684,2026-08-23T15:31:56.337759+00:00
qiskit-statevector,2.5.2,brickwall,pauli_z_first_k,12,2,13,156,20,3120,9.89591249e-03,42122631,132.894,2026-08-23T15:34:09.235537+00:00
qiskit-statevector,2.5.2,brickwall,pauli_z_first_k,12,2,14,168,20,3360,1.11164417e-02,42122662,153.151,2026-08-23T15:36:42.390528+00:00
qiskit-statevector,2.5.2,brickwall,pauli_z_first_k,12,2,15,180,20,3600,7.45619494e-03,42122693,174.934,2026-08-23T15:39:37.328527+00:00
qiskit-statevector,2.5.2,brickwall,pauli_z_first_k,12,2,16,192,20,3840,1.08196132e-02,42122724,196.435,2026-08-23T15:42:53.766980+00:00
qiskit-statevector,2.5.2,brickwall,pauli_z_first_k,12,2,17,204,20,4080,6.08473621e-03,42122755,223.566,2026-08-23T15:46:37.337070+00:00
qiskit-statevector,2.5.2,brickwall,pauli_z_first_k,12,2,18,216,20,4320,7.79743285e-03,42122786,249.018,2026-08-23T15:50:46.359541+00:00
qiskit-statevector,2.5.2,brickwall,pauli_z_first_k,12,2,19,228,20,4560,6.86209247e-03,42122817,275.069,2026-08-23T15:55:21.433038+00:00
qiskit-statevector,2.5.2,brickwall,pauli_z_first_k,12,2,20,240,20,4800,6.15563281e-03,42122848,307.593,2026-08-23T16:00:29.031761+00:00
qiskit-statevector,2.5.2,brickwall,pauli_z_first_k,12,2,21,252,20,5040,5.11208657e-03,42122879,340.969,2026-08-23T16:06:10.005679+00:00
qiskit-statevector,2.5.2,brickwall,pauli_z_first_k,12,2,22,264,20,5280,6.20417140e-03,42122910,379.263,2026-08-23T16:12:29.272377+00:00
qiskit-statevector,2.5.2,brickwall,pauli_z_first_k,12,2,23,276,20,5520,4.16001694e-03,42122941,404.568,2026-08-23T16:19:13.844254+00:00
qiskit-statevector,2.5.2,brickwall,pauli_z_first_k,12,2,24,288,20,5760,4.62792331e-03,42122972,437.077,2026-08-23T16:26:30.925248+00:00
qiskit-statevector,2.5.2,brickwall,pauli_z_first_k,12,2,25,300,20,6000,3.54089911e-03,42123003,474.219,2026-08-23T16:34:25.148730+00:00
qiskit-statevector,2.5.2,brickwall,pauli_z_first_k,12,2,26,312,20,6240,3.95930254e-03,42123034,521.791,2026-08-23T16:43:06.948670+00:00
qiskit-statevector,2.5.2,brickwall,pauli_z_first_k,12,2,27,324,20,6480,3.14298096e-03,42123065,553.194,2026-08-23T16:52:20.147792+00:00
qiskit-statevector,2.5.2,brickwall,pauli_z_first_k,12,2,28,336,20,6720,3.65956585e-03,42123096,590.407,2026-08-23T17:02:10.561849+00:00
qiskit-statevector,2.5.2,brickwall,pauli_z_first_k,12,2,29,348,20,6960,2.21291257e-03,42123127,579.684,2026-08-23T17:26:28.997756+00:00
qiskit-statevector,2.5.2,brickwall,pauli_z_first_k,12,2,30,360,20,7200,2.38127151e-03,42123158,622.349,2026-08-23T17:36:51.350240+00:00
qiskit-statevector,2.5.2,brickwall,pauli_z_first_k,12,3,1,12,20,240,4.69542277e-02,42123268,0.832,2026-08-23T17:36:52.186142+00:00
qiskit-statevector,2.5.2,brickwall,pauli_z_first_k,12,3,2,24,20,480,2.11541417e-02,42123299,4.474,2026-08-23T17:36:56.663628+00:00
qiskit-statevector,2.5.2,brickwall,pauli_z_first_k,12,3,3,36,20,720,2.98397521e-02,42123330,6.252,2026-08-23T17:37:02.921520+00:00
qiskit-statevector,2.5.2,brickwall,pauli_z_first_k,12,3,4,48,20,960,2.58812252e-02,42123361,12.370,2026-08-23T17:37:15.294934+00:00
qiskit-statevector,2.5.2,brickwall,pauli_z_first_k,12,3,5,60,20,1200,2.22966228e-02,42123392,18.084,2026-08-23T17:37:33.382454+00:00
qiskit-statevector,2.5.2,brickwall,pauli_z_first_k,12,3,6,72,20,1440,1.66414384e-02,42123423,26.539,2026-08-23T17:37:59.925623+00:00
qiskit-statevector,2.5.2,brickwall,pauli_z_first_k,12,3,7,84,20,1680,1.53215488e-02,42123454,35.237,2026-08-23T17:38:35.177363+00:00
qiskit-statevector,2.5.2,brickwall,pauli_z_first_k,12,3,8,96,20,1920,1.20085125e-02,42123485,46.864,2026-08-23T17:39:22.048413+00:00
qiskit-statevector,2.5.2,brickwall,pauli_z_first_k,12,3,9,108,20,2160,1.33440517e-02,42123516,57.653,2026-08-23T17:40:19.704892+00:00
qiskit-statevector,2.5.2,brickwall,pauli_z_first_k,12,3,10,120,20,2400,1.03954467e-02,42123547,70.621,2026-08-23T17:41:30.328653+00:00
qiskit-statevector,2.5.2,brickwall,pauli_z_first_k,12,3,11,132,20,2640,1.14236459e-02,42123578,84.755,2026-08-23T17:42:55.086575+00:00
qiskit-statevector,2.5.2,brickwall,pauli_z_first_k,12,3,12,144,20,2880,7.72554965e-03,42123609,101.403,2026-08-23T17:44:36.493265+00:00
qiskit-statevector,2.5.2,brickwall,pauli_z_first_k,12,3,13,156,20,3120,9.06443607e-03,42123640,118.961,2026-08-23T17:46:35.457572+00:00
qiskit-statevector,2.5.2,brickwall,pauli_z_first_k,12,3,14,168,20,3360,6.79353965e-03,42123671,137.576,2026-08-23T17:48:53.036313+00:00
qiskit-statevector,2.5.2,brickwall,pauli_z_first_k,12,3,15,180,20,3600,7.80758419e-03,42123702,157.900,2026-08-23T17:51:30.939884+00:00
qiskit-statevector,2.5.2,brickwall,pauli_z_first_k,12,3,16,192,20,3840,6.50178897e-03,42123733,177.975,2026-08-23T17:54:28.918025+00:00
qiskit-statevector,2.5.2,brickwall,pauli_z_first_k,12,3,17,204,20,4080,6.21142994e-03,42123764,200.566,2026-08-23T17:57:49.487881+00:00
qiskit-statevector,2.5.2,brickwall,pauli_z_first_k,12,3,18,216,20,4320,5.40105281e-03,42123795,226.315,2026-08-23T18:01:35.806570+00:00
qiskit-statevector,2.5.2,brickwall,pauli_z_first_k,12,3,19,228,20,4560,5.25759689e-03,42123826,252.729,2026-08-23T18:05:48.539456+00:00
qiskit-statevector,2.5.2,brickwall,pauli_z_first_k,12,3,20,240,20,4800,4.64778299e-03,42123857,279.384,2026-08-23T18:10:27.927758+00:00
qiskit-statevector,2.5.2,brickwall,pauli_z_first_k,12,3,21,252,20,5040,3.85733226e-03,42123888,314.081,2026-08-23T18:15:42.012525+00:00
qiskit-statevector,2.5.2,brickwall,pauli_z_first_k,12,3,22,264,20,5280,3.31057453e-03,42123919,335.065,2026-08-23T18:21:17.080691+00:00
qiskit-statevector,2.5.2,brickwall,pauli_z_first_k,12,3,23,276,20,5520,2.96441128e-03,42123950,362.622,2026-08-23T18:27:19.705851+00:00
qiskit-statevector,2.5.2,brickwall,pauli_z_first_k,12,3,24,288,20,5760,2.86886553e-03,42123981,395.275,2026-08-23T18:33:54.984226+00:00
qiskit-statevector,2.5.2,brickwall,pauli_z_first_k,12,3,25,300,20,6000,2.77210979e-03,42124012,429.112,2026-08-23T18:41:04.100070+00:00
qiskit-statevector,2.5.2,brickwall,pauli_z_first_k,12,3,26,312,20,6240,2.28354730e-03,42124043,468.095,2026-08-23T18:48:52.198827+00:00
qiskit-statevector,2.5.2,brickwall,pauli_z_first_k,12,3,27,324,20,6480,2.18327839e-03,42124074,499.547,2026-08-23T18:57:11.750585+00:00
qiskit-statevector,2.5.2,brickwall,pauli_z_first_k,12,3,28,336,20,6720,2.31038381e-03,42124105,537.100,2026-08-23T19:06:08.854486+00:00
qiskit-statevector,2.5.2,brickwall,pauli_z_first_k,12,3,29,348,20,6960,1.99244247e-03,42124136,571.691,2026-08-23T19:15:40.551192+00:00
qiskit-statevector,2.5.2,brickwall,pauli_z_first_k,12,3,30,360,20,7200,1.73429158e-03,42124167,617.786,2026-08-23T19:25:58.341429+00:00
qiskit-statevector,2.5.2,brickwall,pauli_z_first_k,12,4,1,12,20,240,4.81953428e-02,42124277,0.791,2026-08-23T19:25:59.138240+00:00
qiskit-statevector,2.5.2,brickwall,pauli_z_first_k,12,4,2,24,20,480,3.10291589e-02,42124308,2.817,2026-08-23T19:26:01.959274+00:00
qiskit-statevector,2.5.2,brickwall,pauli_z_first_k,12,4,3,36,20,720,2.24655199e-02,42124339,6.419,2026-08-23T19:26:08.382013+00:00
qiskit-statevector,2.5.2,brickwall,pauli_z_first_k,12,4,4,48,20,960,1.95933168e-02,42124370,12.052,2026-08-23T19:26:20.437440+00:00
qiskit-statevector,2.5.2,brickwall,pauli_z_first_k,12,4,5,60,20,1200,1.24184944e-02,42124401,19.284,2026-08-23T19:26:39.724932+00:00
qiskit-statevector,2.5.2,brickwall,pauli_z_first_k,12,4,6,72,20,1440,1.32426360e-02,42124432,25.283,2026-08-23T19:27:05.015267+00:00
qiskit-statevector,2.5.2,brickwall,pauli_z_first_k,12,4,7,84,20,1680,1.02780773e-02,42124463,35.577,2026-08-23T19:27:40.615004+00:00
qiskit-statevector,2.5.2,brickwall,pauli_z_first_k,12,4,8,96,20,1920,1.15386478e-02,42124494,45.422,2026-08-23T19:28:26.040630+00:00
qiskit-statevector,2.5.2,brickwall,pauli_z_first_k,12,4,9,108,20,2160,9.31742525e-03,42124525,57.483,2026-08-23T19:29:23.527083+00:00
qiskit-statevector,2.5.2,brickwall,pauli_z_first_k,12,4,10,120,20,2400,9.32198725e-03,42124556,70.616,2026-08-23T19:30:34.147110+00:00
qiskit-statevector,2.5.2,brickwall,pauli_z_first_k,12,4,11,132,20,2640,7.63491550e-03,42124587,85.554,2026-08-23T19:31:59.704329+00:00
qiskit-statevector,2.5.2,brickwall,pauli_z_first_k,12,4,12,144,20,2880,6.89500092e-03,42124618,101.530,2026-08-23T19:33:41.237931+00:00
qiskit-statevector,2.5.2,brickwall,pauli_z_first_k,12,4,13,156,20,3120,5.81706709e-03,42124649,119.587,2026-08-23T19:35:40.828519+00:00
qiskit-statevector,2.5.2,brickwall,pauli_z_first_k,12,4,14,168,20,3360,5.84662229e-03,42124680,136.732,2026-08-23T19:37:57.564263+00:00
qiskit-statevector,2.5.2,brickwall,pauli_z_first_k,12,4,15,180,20,3600,5.07030358e-03,42124711,157.571,2026-08-23T19:40:35.139659+00:00
qiskit-statevector,2.5.2,brickwall,pauli_z_first_k,12,4,16,192,20,3840,4.57703144e-03,42124742,178.017,2026-08-23T19:43:33.162209+00:00
qiskit-statevector,2.5.2,brickwall,pauli_z_first_k,12,4,17,204,20,4080,4.23916493e-03,42124773,200.376,2026-08-23T19:46:53.542281+00:00
